No,Reference,SMP name,Smiles,Molar ratio,Tg,Rubbery modulus
1,"Castro et al. 
2010[1]",tba & PEGDMA,"{C=C(C)C(=O)OCCCC, C=C(C)C(=O)OCCOC(=O)C(=C)C}",0.61:0.39,49.36,4
2,Cuminet et al 2023[2],vm-RvOH,"{C(=C\c3cc(OCC1CO1)cc(OCC2CO2)c3)/c5ccc(OCC4CO4)cc5, O=C(O)C(F)(F)Oc2ccc(/C=C/c1cc(OC(F)(F)C(=O)O)cc(OC(F)(F)C(=O)O)c1)cc2}",0.5:0.5,117,46
3,Yakacki et al 2008[3],MMA-co-PEGDMA,"{C=C(C)C(=O)OC, C=C(C)C(=O)OCCOC(=O)C(=C)C}",0.91:0.09,56,12.6
4,"Wu et al, 2019[5]",DLP SMP #3,"{C=C(C)C(=O)OCCCC, C=CC(=O)OCCCCCCOC(=O)C=C}",0.8:0.2,58.8,46.7
5,"Liu et al, 2006[6]", P(MMA-co-VP)/PEG,"{C=C(C)C(=O)OCCCC, C=CN1CCCC1=O, C=C(C)C(=O)OCCOC(=O)C(C)C}",0.34:0.21:0.45,72,6.827
6,"Xiao et al, 2015[7]",Polymide,"{CC(C)(c3ccc(Oc2ccc1c(=O)oc(=O)c1c2)cc3)c6ccc(Oc5ccc4c(=O)oc(=O)c4c5)cc6, Nc2ccc(Oc1ccc(N)cc1)cc2}",0.5:0.5,238,7.6
7,"Lin and Chen,1999[10]",A1,"{O=C=Nc2ccc(Cc1ccc(N=C=O)cc1)cc2, COCCCCOC(=O)CCCCC(=O)OCCCCOC(=O)CCCCC(=O)OCCCCOC(=O)CCCCC(C)=O, C=C(C)CCCCC(=O)O}",0.55:0.27:0.18,10.79,1.4
8,"Nair et al., 2010[12]",TMPTMP/TATATO,"{CCC(COC(=O)CCS)(COC(=O)CCS)COC(=O)CCS, C=CCn1c(=C)n(CC=C)c(=O)n(CC=C)c1=O}",0.5:0.5,36,18
9,"Barszczewska et al, 2017[13]",MMA-co-TEGDMA,"{C=C(C)C(=O)OC, C=C(C)C(=C)OCCOC(=C)C(=C)C}",1.0:0.0,126.1,1.02
10,"Zheng et al, 2015 [16]",EPON1,"{CC(C)(c4ccc(OCC(O)COc3ccc(C(C)(C)c2ccc(OCC1CO1)cc2)cc3)cc4)c6ccc(OCC5CO5)cc6, CC(N)COCC(C)N}",0.5:0.5,40,4
11,"Jo et al, 2019 [17]",ESMP-0-21,"{CC(C)(c2ccc(OCC1CC1)cc2)c4ccc(OCC3CO3)cc4, CNc2ccc(Cc1ccc(NC)cc1)cc2}",0.73:0.27,140,13.6
12,"Jo et al, 2019 [17]",ESMP-0-19,"{CC(C)(c2ccc(OCC1CC1)cc2)c4ccc(OCC3CO3)cc4, CNc2ccc(Cc1ccc(NC)cc1)cc2}",0.75:0.25,125.9,8
13,"Lakhera et al, 2012 [20]",tba-co-XLS(10%),"{C=C(C)C(=C)OCOCCOC(=O)C(=C)C, C=C(C)C(=O)OCCOCCOCCOCCOCCOCCOCCOCCOCCOC(=O)C(=C)C, C=CC(=O)OC(C)(C)C}",0.96:0.03:0.01,53.31,1.85
14,"Ortega et al, 2012[21]",tba-co-PEGDMA(10%),"{C=C(C)C(=O)OCCCC, CC(=O)OCCOCCOCCOCCOCCOCCOCCOCCOCCOCCOC(=O)C(C)=O, C=C(C)C(=O)OCCOCCOCCOCCOCCOC(=O)C(C)=O}",0.964:0.02:0.016,56,3.8
15,"Zheng et al, 2015 [16]",EPON4,"{CC(C)(c4ccc(OCC(O)COc3ccc(C(C)(C)c2ccc(OCC1CO1)cc2)cc3)cc4)c6ccc(OCC5CO5)cc6, CC(N)COCC(C)N}",0.67:0.33,80,14.1
16,"Santiago et al, 2016[22]",90-10-FG,"{CC(C)(c4ccc(OCC(O)COc3ccc(C(C)(C)c2ccc(OCC1CO1)cc2)cc3)cc4)c6ccc(OCC5CO5)cc6, CC(N)COCC(C)N, CCNCCN(CCN)CCNCCN(CCNCCN(CC)CCN)CCN(CCNCC)CCN(CC)CCN}",0.81:0.19:0,60,16
17,"Santiago et al, 2016[22]",80-20-FG,"{CC(C)(c4ccc(OCC(O)COc3ccc(C(C)(C)c2ccc(OCC1CO1)cc2)cc3)cc4)c6ccc(OCC5CO5)cc6, CC(N)COCC(C)N, CCNCCN(CCN)CCNCCN(CCNCCN(CC)CCN)CCN(CCNCC)CCN(CC)CCN}",0.83:0.16:0.01,68,17
18,"Santiago et al, 2016[22]",50-50-FG,"{CC(C)(c4ccc(OCC(O)COc3ccc(C(C)(C)c2ccc(OCC1CO1)cc2)cc3)cc4)c6ccc(OCC5CO5)cc6, CC(N)COCC(C)N, CCNCCN(CCN)CCNCCN(CCNCCN(CC)CCN)CCN(CCNCC)CCN(CC)CCN}",0.88:0.1:0.02,96,34
19,"Santiago et al, 2016[22]",30-70-FG,"{CC(C)(c4ccc(OCC(O)COc3ccc(C(C)(C)c2ccc(OCC1CO1)cc2)cc3)cc4)c6ccc(OCC5CO5)cc6, CC(N)COCC(C)N, CCNCCN(CCN)CCNCCN(CCNCCN(CC)CCN)CCN(CCNCC)CCN(CC)CCN}",0.91:0.06:0.03,117,52
20,"Rimdusit et al, 2013[24]",ENDB1/1/1,"{CC(COc3ccc(C(C)(C)c2ccc(OCC1CO1)cc2)cc3)COc6ccc(C(C)(C)c5ccc(OCC4CO4)cc5)cc6, CC(C)(COCC1CO1)COCC2CO2, CC(N)COCC(C)N}",0.33:0.33:0.33,47,21.2
21,"Rimdusit et al, 2013[24]",ENDB1/1/0.8/0.2,"{CC(COc3ccc(C(C)(C)c2ccc(OCC1CO1)cc2)cc3)COc6ccc(C(C)(C)c5ccc(OCC4CO4)cc5)cc6, CC(C)(COCC1CO1)COCC2CO2, CC(N)COCC(C)N, CC(C)(c3ccc(C2COCN(c1ccccc1)C2)cc3)c6ccc5CCN(c4ccccc4)Cc5c6}",0.33:0.33:0.27:0.07,72,26.9
22,"Rimdusit et al, 2013[24]",ENDB1/1/0.6/0.4,"{CC(COc3ccc(C(C)(C)c2ccc(OCC1CO1)cc2)cc3)COc6ccc(C(C)(C)c5ccc(OCC4CO4)cc5)cc6, CC(C)(COCC1CO1)COCC2CO2, CC(N)COCC(C)N, CC(C)(c3ccc(C2COCN(c1ccccc1)C2)cc3)c6ccc5CCN(c4ccccc4)Cc5c6}",0.33:0.33:0.2:0.13,80,34.44
23,"Rimdusit et al, 2013[24]",ENDB1/1/0.2/0.8,"{CC(COc3ccc(C(C)(C)c2ccc(OCC1CO1)cc2)cc3)COc6ccc(C(C)(C)c5ccc(OCC4CO4)cc5)cc6, CC(C)(COCC1CO1)COCC2CO2, CC(N)COCC(C)N, CC(C)(c3ccc(C2COCN(c1ccccc1)C2)cc3)c6ccc5CCN(c4ccccc4)Cc5c6}",0.33:0.33:0.07:0.27,92,39.48
24,"Rimdusit et al, 2013[24]",ENDB1/1/0.4/0.6,"{CC(COc3ccc(C(C)(C)c2ccc(OCC1CO1)cc2)cc3)COc6ccc(C(C)(C)c5ccc(OCC4CO4)cc5)cc6, CC(C)(COCC1CO1)COCC2CO2, CC(N)COCC(C)N, CC(C)(c3ccc(C2COCN(c1ccccc1)C2)cc3)c6ccc5CCN(c4ccccc4)Cc5c6}",0.33:0.33:0.13:0.2,85,38.95
25,"Cheng et al , 2020[25]",DER-NMA-0.1TEOA,"{CC(C)(c2ccc(OCC1CO1)cc2)c4ccc(OCC3CO3)cc4,  CC2=CC(C)(C)C1C(=O)OC(=O)C1C2C, OCCN(CCO)CCO}",0.476:0.476:0.048,134.09,17
26,"Arnebold et al, 2016[27]",Epoxy- PPDL(90-10),"{O=C(OCC2CCC1OC1C2)C4CCC3OC3C4, O=C(CCCCCCCCCCCCCCO)OCCOC(=O)CCCCCCCCCCCCCCCCO}",0.99:0.01,163,690
27,"Arnebold et al, 2017[27]",Epoxy- PPDL(80-20),"{O=C(OCC2CCC1OC1C2)C4CCC3OC3C4, O=C(CCCCCCCCCCCCCCO)OCCOC(=O)CCCCCCCCCCCCCCCCO}",0.98:0.02,143,320
28,"Arnebold et al, 2017[27]",Epoxy- PPDL(70-30),"{O=C(OCC2CCC1OC1C2)C4CCC3OC3C4, O=C(CCCCCCCCCCCCCCO)OCCOC(=O)CCCCCCCCCCCCCCCCO}",0.97:0.03,105,50
29,"Arnebold et al, 2016[27]",Epoxy- PPDL(50-50),"{O=C(OCC2CCC1OC1C2)C4CCC3OC3C4, O=C(CCCCCCCCCCCCCCO)OCCOC(=O)CCCCCCCCCCCCCCCCO}",0.94:0.06,60,1
30,"Arnebold et al, 2017[27]",Epoxy- PCL(50-50),"{O=C(OCC2CCC1OC1C2)C4CCC3OC3C4, O=C(CCCCCO)OCCCCOC(=O)CCCCCO}",0.94:0.06,28,3
31,"Arnebold et al, 2017[27]",Epoxy- PCL(60-40),"{O=C(OCC2CCC1OC1C2)C4CCC3OC3C4, O=C(CCCCCO)OCCCCOC(=O)CCCCCO}",0.96:0.04,62,9
32,"Arnebold et al, 2016[27]",Epoxy- PCL(70-30),"{O=C(OCC2CCC1OC1C2)C4CCC3OC3C4, O=C(CCCCCO)OCCCCOC(=O)CCCCCO}",0.98:0.02,85,30
33,"Arnebold et al, 2016[27]",Epoxy- PCL(90-10),"{O=C(OCC2CCC1OC1C2)C4CCC3OC3C4, O=C(CCCCCO)OCCCCOC(=O)CCCCCO}",0.99:0.01,128,370
34,"Jo et al, 2018 [29]",D230-0-1,"{CC(C)(c4ccc(OCC(O)COc3ccc(C(C)(C)c2ccc(OCC1CO1)cc2)cc3)cc4)c6ccc(OCC5CO5)cc6, Nc2ccc(Cc1ccc(N)cc1)cc2}",0.758:0.242,104.5,4
35,"Jo et al, 2018 [29]",D230-0-2,"{CC(C)(c4ccc(OCC(O)COc3ccc(C(C)(C)c2ccc(OCC1CO1)cc2)cc3)cc4)c6ccc(OCC5CO5)cc6, Nc2ccc(Cc1ccc(N)cc1)cc2}",0.74:0.27,125.9,8
36,"Jo et al, 2018 [29]",D230-9,"{CC(C)(c4ccc(OCC(O)COc3ccc(C(C)(C)c2ccc(OCC1CO1)cc2)cc3)cc4)c6ccc(OCC5CO5)cc6, Nc2ccc(Cc1ccc(N)cc1)cc2, CC(N)COCC(C)N }",0.71:0.23:0.07,133.1,13
37,"Jo et al, 2018 [29]",D230-20,"{CC(C)(c4ccc(OCC(O)COc3ccc(C(C)(C)c2ccc(OCC1CO1)cc2)cc3)cc4)c6ccc(OCC5CO5)cc6, Nc2ccc(Cc1ccc(N)cc1)cc2, CC(N)COCC(C)N }",0.66:0.21:0.13,155.9,27.2
38,"Jo et al, 2018 [29]",D400-3,"{CC(C)(c4ccc(OCC(O)COc3ccc(C(C)(C)c2ccc(OCC1CO1)cc2)cc3)cc4)c6ccc(OCC5CO5)cc6, Nc2ccc(Cc1ccc(N)cc1)cc2, CC(N)COCC(C)N }",0.74:0.24:0.02,112,6.1
39,"Jo et al, 2018 [29]",D400-8,"{CC(C)(c4ccc(OCC(O)COc3ccc(C(C)(C)c2ccc(OCC1CO1)cc2)cc3)cc4)c6ccc(OCC5CO5)cc6, Nc2ccc(Cc1ccc(N)cc1)cc2, CC(N)COCC(C)N }",0.71:0.23:0.06,118.6,10.6
40,"Jo et al, 2018 [29]",D400-14,"{CC(C)(c4ccc(OCC(O)COc3ccc(C(C)(C)c2ccc(OCC1CO1)cc2)cc3)cc4)c6ccc(OCC5CO5)cc6, Nc2ccc(Cc1ccc(N)cc1)cc2, CC(N)COCC(C)N }",0.68:0.22:0.1,128.4,16.8
41,"Xie et al, 2009[30]",Ref,"{CC(C)(c2ccc(OCC1CO1)cc2)c4ccc(OCC3CO3)cc4, CC(N)COCC(C)OCC(C)OCC(C)N }",0.67:0.33,93.4,18.11
42,"Rousseau et al, 2010 [32]",E25-NGDE,"{OC(COc3ccc(c2ccc(OCC1CO1)cc2)cc3)COc6ccc(c5ccc(OCC4CO4)cc5)cc6, CC(N)COCC(C)N, CC(OCC1CO1)C(C)(C)COCC2CO2}",0.048:0.367:0.585,31.4,4.5
43,"Rousseau et al, 2010 [32]",E50-NGDE,"{OC(COc3ccc(c2ccc(OCC1CO1)cc2)cc3)COc6ccc(c5ccc(OCC4CO4)cc5)cc6, CC(N)COCC(C)N, CC(OCC1CO1)C(C)(C)COCC2CO2}",0.12:0.44:0.44,48.1,9.46
44,"Rousseau et al, 2010 [32]",E75-NGDE,"{OC(COc3ccc(c2ccc(OCC1CO1)cc2)cc3)COc6ccc(c5ccc(OCC4CO4)cc5)cc6, CC(N)COCC(C)N, CC(OCC1CO1)C(C)(C)COCC2CO2}",0.2:0.52:0.28,72,14.34
45,"Rousseau et al, 2010 [32]",E100-NGDE,"{OC(COc3ccc(c2ccc(OCC1CO1)cc2)cc3)COc6ccc(c5ccc(OCC4CO4)cc5)cc6, CC(N)COCC(C)N}",0.34:0.66,93.1,18.89
46,"Santiago et al, 2016[22]",60-40-FG,"{CC(C)(c4ccc(OCC(O)COc3ccc(C(C)(C)c2ccc(OCC1CO1)cc2)cc3)cc4)c6ccc(OCC5CO5)cc6, CC(N)COCC(C)N, CCNCCN(CCN)CCNCCN(CCNCCN(CC)CCN)CCN(CCNCC)CCN(CC)CCN}",0.86:0.12:0.02,68,29
47,"Xu et al, 2009[33]",HYPU0-1,"{CCO[Si](CCCN(CCOC(=O)CCO)CCOC(=O)CCO)(OCC)OCC, CC1(C)CC(N=C=O)CC(C)(N=C=O)C1}",0.5:0.5,57,16.34
48,"Xu et al, 2009[33]",HYPU1-4,"{CCO[Si](CCCN(CCOC(=O)CCO)CCOC(=O)CCO)(OCC)OCC, CC1(C)CC(N=C=O)CC(C)(N=C=O)C1, OCCOCCOCCOCCOCCOCCOCCOCCOCCOCCO}",0.17:0.17:0.67,50.5,13.71
49,"Xu et al, 2009[33]",HYPU1-2,"{CCO[Si](CCCN(CCOC(=O)CCO)CCOC(=O)CCO)(OCC)OCC, CC1(C)CC(N=C=O)CC(C)(N=C=O)C1, OCCOCCOCCOCCOCCOCCOCCOCCOCCOCCO}",0.25:0.25:0.5,47.5,8.762
50,"Xu et al, 2009[33]",HYPU1-1,"{CCO[Si](CCCN(CCOC(=O)CCO)CCOC(=O)CCO)(OCC)OCC, CC1(C)CC(N=C=O)CC(C)(N=C=O)C1, OCCOCCOCCOCCOCCOCCOCCOCCOCCOCCO}",0.33:0.33:0.33,35.9,3.85
51,Yakacki et al 2008[3],MMA-co-PEGDMA,"{C=C(C)C(=O)OC, C=C(C)C(=O)OCCOC(=O)C(=C)C}",0.85:0.15,76,12.8
52,Yakacki et al 2008[3],MMA-co-PEGDMA,"{C=C(C)C(=O)OC, C=C(C)C(=O)OCCOC(=O)C(=C)C}",0.71:0.29,92,11.3
53,"Barszczewska et al, 2017[13]",MMA-co-TEGDMA,"{C=C(C)C(=O)OC, C=C(C)C(=O)OCCOCCOCCOC(=O)C(=C)C}",1.0:0.0,126.3,3.63
54,"Barszczewska et al, 2017[13]",MMA-co-TEGDMA,"{C=C(C)C(=O)OC, C=C(C)C(=O)OCCOCCOCCOC(=O)C(=C)C}",0.99:0.01,128.6,5.24
55,"Barszczewska et al, 2017[13]",MMA-co-TEGDMA,"{C=C(C)C(=O)OC, C=C(C)C(=O)OCCOCCOCCOC(=O)C(=C)C}",0.98:0.02,131.7,8.9
56,"Barszczewska et al, 2017[13]",MMA-co-TEGDMA,"{C=C(C)C(=O)OC, C=C(C)C(=O)OCCOCCOCCOC(=O)C(=C)C}",0.96:0.04,135.8,19.48
57,"Barszczewska et al, 2017[13]",MMA-co-TEGDMA,"{C=C(C)C(=O)OC, C=C(C)C(=O)OCCOCCOCCOC(=O)C(=C)C}",0.92:0.08,144.5,53.41
58,"Nair et al., 2010[12]",tba/PEGDMA,"{C=C(C)C(=O)OCCCC, C=C(C)C(=O)OCCOC(=O)C(=C)C}",0.5:0.5,35,23
59,"Grishchuck et al., 2011 [34]",EP(DETA)-Ref,"{CC(C)(c2ccc(OCC1CC1)cc2)c4ccc(OCC3CO3)cc4, NCCNCCN}",0.67:0.33,130,33
60,"Grishchuck et al., 2011 [34]",EP(DETA/DDM)-Ref,"{CC(C)(c2ccc(OCC1CC1)cc2)c4ccc(OCC3CO3)cc4, NCCNCCN, Nc2ccc(Cc1ccc(N)cc1)cc2}",0.67:0.17:0.17,155,41
61,"Grishchuck et al., 2011 [34]",EP(DDM)-Ref,"{CC(C)(c2ccc(OCC1CC1)cc2)c4ccc(OCC3CO3)cc4, Nc2ccc(Cc1ccc(N)cc1)cc2}",0.67:0.33,174,43
62,"Grishchuck et al., 2011 [34]",EP(DETA)/BOX 75/25,"{CC(C)(c2ccc(OCC1CC1)cc2)c4ccc(OCC3CO3)cc4,NCCNCCN}",0.56:0.28:0.16,134,28
63,"Grishchuck et al., 2011 [34]",EP(DDM)/BOX 75/25,"{CC(C)(c2ccc(OCC1CC1)cc2)c4ccc(OCC3CO3)cc4,NCCNCCN,Nc2ccc(Cc1ccc(N)cc1)cc2}",0.55:0.28:0.17,164,30
64,"Grishchuck et al., 2012 [35]",DGEBA/BOX(75/25),"{ CC(C)(c2ccc(OCC1CO1)cc2)c4ccc(OCC3CO3)cc4,NCCNCCN }",0.75:0.25,164,30
65,"Grishchuck et al., 2012 [35]",DGEBA/BOX(50/50),"{ CC(C)(c2ccc(OCC1CO1)cc2)c4ccc(OCC3CO3)cc4, NCCNCCN, Nc2ccc(Cc1ccc(N)cc1)cc2}",0.5:0.5,173,30
66,"Grishchuck et al., 2012 [35]",DGEBA/BOX/ETBN(67.5/22.5/10),"{ CC(C)(c2ccc(OCC1CO1)cc2)c4ccc(OCC3CO3)cc4, Nc2ccc(Cc1ccc(N)cc1)cc2}",0.68:0.23:0.1,159,24
67,"Grishchuck et al., 2012 [35]",DGEBA/BOX/ETBN(45/45/10),"{ CC(C)(c2ccc(OCC1CO1)cc2)c4ccc(OCC3CO3)cc4, NCCNCCN, CC(C)(c3ccc2OCN(c1ccccc1)Cc2c3)c6ccc5CN(c4ccccc4)COc5c6}",0.45:0.45:0.1,157,16
68,"Grishchuck et al., 2012 [35]",DGEBA/BOX/ETBN(42.5/42.5/10),"{ CC(C)(c2ccc(OCC1CO1)cc2)c4ccc(OCC3CO3)cc4, Nc2ccc(Cc1ccc(N)cc1)cc2, CC(C)(c3ccc2OCN(c1ccccc1)Cc2c3)c6ccc5CN(c4ccccc4)COc5c6}",0.43:0.43:0.15,150,15
69,"Grishchuck et al., 2012 [35]",DGEBA/BOX/ETBN(40/40/20),"{ CC(C)(c2ccc(OCC1CO1)cc2)c4ccc(OCC3CO3)cc4, CC(C)(c3ccc2OCN(c1ccccc1)Cc2c3)c6ccc5OCN(c4ccccc4)Cc5c6}",0.4:0.4:0.2,147,14
70,"Grishchuck et al., 2012 [35]",DGEBA/BOX(25/75),"{ CC(C)(c2ccc(OCC1CO1)cc2)c4ccc(OCC3CO3)cc4, CC(C)(c3ccc2OCN(c1ccccc1)Cc2c3)c6ccc5OCN(c4ccccc4)Cc5c6,CC(C/C=C\CC(=O)OCC(O)COc3ccc(C(C)(C)c2ccc(OCC1CO1)cc2)cc3)C(=O)OCC(O)COc6ccc(C(C)(C)c5ccc(OCC4CO4)cc5)cc6}",0.25:0.75,183,30
71,"Grishchuck et al., 2012 [35]",DGEBA/BOX/ETBN(22.5/67.5/10),"{ CC(C)(c2ccc(OCC1CO1)cc2)c4ccc(OCC3CO3)cc4,CC(C)(c3ccc2OCN(c1ccccc1)Cc2c3)c6ccc5OCN(c4ccccc4)Cc5c6}",0.23:0.68:0.1,173,24
72,"Grishchuck et al., 2012 [35]",TGPAP/BOX(50/50),"{ CC(C)(c2ccc(OCC1CO1)cc2)c4ccc(OCC3CO3)cc4, CC(C)(c3ccc2OCN(c1ccccc1)Cc2c3)c6ccc5OCN(c4ccccc4)Cc5c6,CC(C/C=C\CC(=O)OCC(O)COc3ccc(C(C)(C)c2ccc(OCC1CO1)cc2)cc3)C(=O)OCC(O)COc6ccc(C(C)(C)c5ccc(OCC4CO4)cc5)cc6}",0.5:0.5,191,55
73,"Grishchuck et al., 2012 [35]",TGPAP/BOX/ETBN(45/45/10),"{ CC(C)(c2ccc(OCC1CO1)cc2)c4ccc(OCC3CO3)cc4,CC(C)(c3ccc2OCN(c1ccccc1)Cc2c3)c6ccc5OCN(c4ccccc4)Cc5c6,CC(C/C=C\CC(=O)OCC(O)COc3ccc(C(C)(C)c2ccc(OCC1CO1)cc2)cc3)C(=O)OCC(O)COc6ccc(C(C)(C)c5ccc(OCC4CO4)cc5)cc6}",0.45:0.45:0.1,185,38
74,"Grishchuck et al., 2012 [35]",TGDDM/BOX(50/50),"{ CC(C)(c2ccc(OCC1CO1)cc2)c4ccc(OCC3CO3)cc4, CC(C)(c3ccc2OCN(c1ccccc1)Cc2c3)c6ccc5OCN(c4ccccc4)Cc5c6,CC(C/C=C\CC(=O)OCC(O)COc3ccc(C(C)(C)c2ccc(OCC1CO1)cc2)cc3)C(=O)OCC(O)COc6ccc(C(C)(C)c5ccc(OCC4CO4)cc5)cc6}",0.5:0.5,191,59
75,"Grishchuck et al., 2012 [35]",TGDDM/BOX/ETBN(45/45/10),"{ CC(C)(c2ccc(OCC1CO1)cc2)c4ccc(OCC3CO3)cc4,CC(C)(c3ccc2OCN(c1ccccc1)Cc2c3)c6ccc5OCN(c4ccccc4)Cc5c6}",0.45:0.45:0.1,185,46
76,"Xiao et al, 2015[7]",Polymide(A1),"{CC(C)(c3ccc(Oc2ccc1c(=O)oc(=O)c1c2)cc3)c6ccc(Oc5ccc4c(=O)oc(=O)c4c5)cc6, Nc2ccc(Oc1ccc(N)cc1)cc2}",0.504:0.496,240,7.8
77,"Xiao et al, 2015[7]",Polymide(A2),"{CC(C)(c3ccc(Oc2ccc1c(=O)oc(=O)c1c2)cc3)c6ccc(Oc5ccc4c(=O)oc(=O)c4c5)cc6, Nc2ccc(Oc1ccc(N)cc1)cc2}",0.512:0.488,241,7.9
78,"Xiao et al, 2015[7]",Polymide(A3),"{CC(C)(c3ccc(Oc2ccc1c(=O)oc(=O)c1c2)cc3)c6ccc(Oc5ccc4c(=O)oc(=O)c4c5)cc6, Nc2ccc(Oc1ccc(N)cc1)cc2}",0.519:0.481,243,8.8
79,"Xiao et al, 2015[7]",Polymide(A4),"{CC(C)(c3ccc(Oc2ccc1c(=O)oc(=O)c1c2)cc3)c6ccc(Oc5ccc4c(=O)oc(=O)c4c5)cc6, Nc2ccc(Oc1ccc(N)cc1)cc2}",0.524:0.476,242,10.5
80,"Jo et al, 2019 [17]",ESMP-10-21,"{CC(C)(c2ccc(OCC1CC1)cc2)c4ccc(OCC3CO3)cc4, CC(C)(c2ccc(OCCOCCOCCOCC1CO1)cc2)c4ccc(OCCOCCOCCOCC3CO3)cc4, CNc2ccc(Cc1ccc(NC)cc1)cc2}",0.71:0.04:0.25,138.8,14.8
81,"Jo et al, 2019 [17]",ESMP-20-21,"{CC(C)(c2ccc(OCC1CC1)cc2)c4ccc(OCC3CO3)cc4, CC(C)(c2ccc(OCCOCCOCCOCC1CO1)cc2)c4ccc(OCCOCCOCCOCC3CO3)cc4, CNc2ccc(Cc1ccc(NC)cc1)cc2}",0.66:0.08:0.26,138.8,15.9
82,"Jo et al, 2019 [17]",ESMP-30-21,"{CC(C)(c2ccc(OCC1CC1)cc2)c4ccc(OCC3CO3)cc4, CC(C)(c2ccc(OCCOCCOCCOCC1CO1)cc2)c4ccc(OCCOCCOCCOCC3CO3)cc4, CNc2ccc(Cc1ccc(NC)cc1)cc2}",0.6:0.13:0.27,138.8,16.7
83,"Sunitha et al, 2013 [36]",,"{CC(C)(c2ccc(OCC1CO1)cc2)c4ccc(OCC3CO3)cc4, C#CCCc1ccccc1Cc4cccc(Cc3cccc(Cc2ccccc2CC#C)c3O)c4CCC#C}",0.5:0.5,79,29.83
84,"Lin and Chen,1999[10]",A2,"{O=C=Nc2ccc(Cc1ccc(N=C=O)cc1)cc2, COCCCCOC(=O)CCCCC(=O)OCCCCOC(=O)CCCCC(=O)OCCCCOC(=O)CCCCC(C)=O, CCC(CO)(CO)CO}",0.571:0.143:0.286,57.73,3.85
85,"Lin and Chen,1999[10]",A3,"{O=C=Nc2ccc(Cc1ccc(N=C=O)cc1)cc2, COCCCCOC(=O)CCCCC(=O)OCCCCOC(=O)CCCCC(=O)OCCCCOC(=O)CCCCC(C)=O, CCC(CO)(CO)CO}",0.581:0.097:0.322,92.92,4.96
86,"Lin and Chen,1999[10]",A4,"{O=C=Nc2ccc(Cc1ccc(N=C=O)cc1)cc2, COCCCCOC(=O)CCCCC(=O)OCCCCOC(=O)CCCCC(=O)OCCCCOC(=O)CCCCC(C)=O, CCC(CO)(CO)CO}",0.585:0.073:0.341,116.5,6.56
87,"Ariraman et al, 2015[38]",DGEBA/30 wt% BCC,"{N#COc3ccc(CC2CCCC(Cc1ccc(OC#N)cc1)C2)cc3,CC(C)(c2ccc(OCC1CO1)cc2)c4ccc(OCC3CO3)cc4 }",0.7:0.3,110,5.22
88,"Ariraman et al, 2015[38]",DGEBA/40 wt% BCC,"{N#COc3ccc(CC2CCCC(Cc1ccc(OC#N)cc1)C2)cc3,CC(C)(c2ccc(OCC1CO1)cc2)c4ccc(OCC3CO3)cc4 }",0.6:0.4,135,12.41
89,"Ariraman et al, 2015[38]",DGEBA/50 wt% BCC,"{N#COc3ccc(CC2CCCC(Cc1ccc(OC#N)cc1)C2)cc3,CC(C)(c2ccc(OCC1CO1)cc2)c4ccc(OCC3CO3)cc4 }",0.5:0.5,145,7.83
90,"Feldkamp & Rousseau, 2011 [39]",E-148,"{CC(C)(c2ccc(OCC1CO1)cc2)c4ccc(OCC3CO3)cc4, NCCOCCOCCN}",0.67:0.33,102,23
91,"Feldkamp & Rousseau, 2011 [39]",E-176,"{CC(C)(c2ccc(OCC1CO1)cc2)c4ccc(OCC3CO3)cc4, NCCCOCCOCCCN}",0.667:0.333,96,24.3
92,"Feldkamp & Rousseau, 2011 [39]",E-230,"{CC(C)(c2ccc(OCC1CO1)cc2)c4ccc(OCC3CO3)cc4, CC(N)COCC(C)OCC(C)OCC(C)N}",0.676:0.324,95,14.3
93,"Feldkamp & Rousseau, 2011 [39]",E-230(a),"{CC(C)(c2ccc(OCC1CO1)cc2)c4ccc(OCC3CO3)cc4, CC(N)COCC(C)OCC(C)OCC(C)N}",0.6774:0.3226,93,14.1
94,"Feldkamp & Rousseau, 2011 [39]",E-230(b),"{CC(C)(c2ccc(OCC1CO1)cc2)c4ccc(OCC3CO3)cc4, CC(N)COCC(C)OCC(C)OCC(C)N}",0.6875:0.3125,88,11.7
95,"Feldkamp & Rousseau, 2011 [39]",E-230(c),"{CC(C)(c2ccc(OCC1CO1)cc2)c4ccc(OCC3CO3)cc4, CC(N)COCC(C)OCC(C)OCC(C)N}",0.7127:0.2873,76,6.3
96,"Feldkamp & Rousseau, 2011 [39]",E-230(07)nDA,"{CC(C)(c2ccc(OCC1CO1)cc2)c4ccc(OCC3CO3)cc4, CC(N)COCC(C)OCC(C)OCC(C)N, CCCCCCCCCN}",0.612:0.235:0.153,83,9.7
97,"Feldkamp & Rousseau, 2011 [39]",E-230(17)nDA,"{CC(C)(c2ccc(OCC1CO1)cc2)c4ccc(OCC3CO3)cc4, CC(N)COCC(C)OCC(C)OCC(C)N, CCCCCCCCCN}",0.58:0.157:0.263,73,8.3
98,"Feldkamp & Rousseau, 2011 [39]",E-230(60)nDA,"{CC(C)(c2ccc(OCC1CO1)cc2)c4ccc(OCC3CO3)cc4, CC(N)COCC(C)OCC(C)OCC(C)N, CCCCCCCCCN}",0.533:0.067:0.4,58,2.4
99,"Feldkamp & Rousseau, 2011 [39]",E-230(17)tDA,"{CC(C)(c2ccc(OCC1CO1)cc2)c4ccc(OCC3CO3)cc4, CC(N)COCC(C)OCC(C)OCC(C)N, CC(C)(C)N}",0.578:0.158:0.264,87,5.1
100,"Feldkamp & Rousseau, 2011 [39]",E-230(17)nBA,"{CC(C)(c2ccc(OCC1CO1)cc2)c4ccc(OCC3CO3)cc4, CC(N)COCC(C)OCC(C)OCC(C)N, CC(C)(C)N}",0.578:0.158:0.264,81,7.4
101,"Feldkamp & Rousseau, 2011 [39]",E-230(17)nHA,"{CC(C)(c2ccc(OCC1CO1)cc2)c4ccc(OCC3CO3)cc4, CC(N)COCC(C)OCC(C)OCC(C)N, CCCCCCCCCCCCCCCN}",0.626:0.141:0.234,62,6.4
102,"Feldkamp & Rousseau, 2011 [39]",D-148(10)230,"{CC(C)(c2ccc(OCC1CO1)cc2)c4ccc(OCC3CO3)cc4, NCCOCCOCCN, CC(N)COCC(C)OCC(C)OCC(C)N}",0.655:0.031:0.314,97,19.7
103,"Feldkamp & Rousseau, 2011 [39]",D-148(1)400,"{CC(C)(c2ccc(OCC1CO1)cc2)c4ccc(OCC3CO3)cc4, NCCOCCOCCN, CC(N)COCC(C)OCC(C)OCC(C)OCC(C)OCC(C)OCC(C)N}",0.655:0.157:0.188,72,14.5
104,"Feldkamp & Rousseau, 2011 [39]",D-148(002)230,"{CC(C)(c2ccc(OCC1CO1)cc2)c4ccc(OCC3CO3)cc4, NCCOCCOCCN, CC(N)COCC(C)OCC(C)OCC(C)N}",0.655:0.338:0.007,102,26.4
105,"Feldkamp & Rousseau, 2011 [39]",D-148(002)400,"{CC(C)(c2ccc(OCC1CO1)cc2)c4ccc(OCC3CO3)cc4, NCCOCCOCCN, CC(N)COCC(C)OCC(C)OCC(C)OCC(C)OCC(C)OCC(C)N}",0.655:0.338:0.007,101,25.7
106,"Feldkamp & Rousseau, 2011 [39]",D-148(002)2000,"{CC(C)(c2ccc(OCC1CO1)cc2)c4ccc(OCC3CO3)cc4, NCCOCCOCCN, CC(N)COCC(C)OCC(C)OCC(C)OCC(C)OCC(C)OCC(C)N}",0.655:0.338:0.007,96,22.6
107,"Feldkamp & Rousseau, 2011 [39]",D-403(1)403,"{CC(C)(c2ccc(OCC1CO1)cc2)c4ccc(OCC3CO3)cc4, CCC(COCC(C)OCC(C)N)(COCC(C)OCC(C)N)COCC(C)OCC(C)N}",0.7403:0.2597,81,13.9
108,"Feldkamp & Rousseau, 2011 [39]",E-148(1)900,"{CC(C)(c2ccc(OCC1CO1)cc2)c4ccc(OCC3CO3)cc4, CCC(COCC(C)OCC(C)N)(COCC(C)OCC(C)N)COCC(C)OCC(C)N, CC(N)COCC(C)OCC(C)OCC(C)OCCOCCOCCOCCOCCOCCOCCOCCOCCOCCOCCOCCOCC(C)OCC(C)OCC(C)N}",0.667:0.165:0.168,37,10
109,"Feldkamp & Rousseau, 2011 [39]",E-148(05)900,"{CC(C)(c2ccc(OCC1CO1)cc2)c4ccc(OCC3CO3)cc4, CCC(COCC(C)OCC(C)N)(COCC(C)OCC(C)N)COCC(C)OCC(C)N, CC(N)COCC(C)OCC(C)OCC(C)OCCOCCOCCOCCOCCOCCOCCOCCOCCOCCOCCOCCOCC(C)OCC(C)OCC(C)N}",0.669:0.222:0.109,54,12.1
110,"Feldkamp & Rousseau, 2011 [39]",E-148(03)900,"{CC(C)(c2ccc(OCC1CO1)cc2)c4ccc(OCC3CO3)cc4, CCC(COCC(C)OCC(C)N)(COCC(C)OCC(C)N)COCC(C)OCC(C)N, CC(N)COCC(C)OCC(C)OCC(C)OCCOCCOCCOCCOCCOCCOCCOCCOCCOCCOCCOCCOCC(C)OCC(C)OCC(C)N}",0.6666:0.2488:0.0846,62,16.7
111,"Feldkamp & Rousseau, 2011 [39]",E-148(02)900,"{CC(C)(c2ccc(OCC1CO1)cc2)c4ccc(OCC3CO3)cc4, CCC(COCC(C)OCC(C)N)(COCC(C)OCC(C)N)COCC(C)OCC(C)N, CC(N)COCC(C)OCC(C)OCC(C)OCCOCCOCCOCCOCCOCCOCCOCCOCCOCCOCCOCCOCC(C)OCC(C)OCC(C)N}",0.654:0.277:0.069,66,16.9
112,"Feldkamp & Rousseau, 2011 [39]",D-148(03)900,"{CC(C)(c2ccc(OCC1CO1)cc2)c4ccc(OCC3CO3)cc4, CCC(COCC(C)OCC(C)N)(COCC(C)OCC(C)N)COCC(C)OCC(C)N, CC(N)COCC(C)OCC(C)OCC(C)OCCOCCOCCOCCOCCOCCOCCOCCOCCOCCOCCOCCOCC(C)OCC(C)OCC(C)N}",0.654:0.262:0.084,64,18.1
113,"Feldkamp & Rousseau, 2011 [39]",D-148(01)2003,"{CC(C)(c2ccc(OCC1CO1)cc2)c4ccc(OCC3CO3)cc4, CCC(COCC(C)OCC(C)N)(COCC(C)OCC(C)N)COCC(C)OCC(C)N, CC(N)COCC(C)OCC(C)OCC(C)OCC(C)OCC(C)OCC(C)OCCOCCOCCOCCOCCOCCOCCOCCOCCOCCOCCOCCOCCOCCOCCOCCOCCOCCOCCOCCOCCOCCOCCOCCOCCOCCOCCOCCOCC(C)OCC(C)OCC(C)OCC(C)OCC(C)N}",0.655:0.308:0.037,63,18.3
114,"Feldkamp & Rousseau, 2011 [39]",D-148(002)900,"{CC(C)(c2ccc(OCC1CO1)cc2)c4ccc(OCC3CO3)cc4, CCC(COCC(C)OCC(C)N)(COCC(C)OCC(C)N)COCC(C)OCC(C)N, CC(N)COCC(C)OCC(C)OCC(C)OCCOCCOCCOCCOCCOCCOCCOCCOCCOCCOCCOCCOCC(C)OCC(C)OCC(C)N}",0.655:0.338:0.007,99,24.9
115,"Feldkamp & Rousseau, 2011 [39]",D-148(002)2003,"{CC(C)(c2ccc(OCC1CO1)cc2)c4ccc(OCC3CO3)cc4, CCC(COCC(C)OCC(C)N)(COCC(C)OCC(C)N)COCC(C)OCC(C)N, CC(N)COCC(C)OCC(C)OCC(C)OCC(C)OCC(C)OCC(C)OCCOCCOCCOCCOCCOCCOCCOCCOCCOCCOCCOCCOCCOCCOCCOCCOCCOCCOCCOCCOCCOCCOCCOCCOCCOCCOCCOCCOCC(C)OCC(C)OCC(C)OCC(C)OCC(C)N}",0.655:0.338:0.007,93,22.8
116,"Feldkamp & Rousseau, 2011 [39]",D-148(04)M600,"{CC(C)(c2ccc(OCC1CO1)cc2)c4ccc(OCC3CO3)cc4, CCC(COCC(C)OCC(C)N)(COCC(C)OCC(C)N)COCC(C)OCC(C)N, COCCOCCOCCOCCOCCOCCOCCOCCOCCOCCOCCOCCN}",0.617:0.266:0.117,60,11.3
117,"Feldkamp & Rousseau, 2011 [39]",D-148(02)M1000,"{CC(C)(c2ccc(OCC1CO1)cc2)c4ccc(OCC3CO3)cc4, CCC(COCC(C)OCC(C)N)(COCC(C)OCC(C)N)COCC(C)OCC(C)N, COCCOCCOCCOCCOCCOCCOCCOCCOCCOCCOCCOCCOCCOCCOCCOCCOCCOCCOCCOCCOCC(C)N}",0.631:0.298:0.071,57,15.2
118,"Feldkamp & Rousseau, 2011 [39]",D-148(01)M2005,"{CC(C)(c2ccc(OCC1CO1)cc2)c4ccc(OCC3CO3)cc4, CCC(COCC(C)OCC(C)N)(COCC(C)OCC(C)N)COCC(C)OCC(C)N, COCCOCCOCCOCCOCCOCCOCCOCCOCCOCCOCCOCCOCCOCCOCCOCCOCCOCCOCCOCCOCCOCCOCCOCCOCCOCCOCCOCCOCCOCCOCCOCCOCCOCCOCCOCCOCCOCC(C)OCC(C)OCC(C)OCC(C)OCC(C)OCC(C)N}",0.644:0.318:0.038,98,14.9
119,"Feldkamp & Rousseau, 2011 [39]",D-148(01)M2070,"{CC(C)(c2ccc(OCC1CO1)cc2)c4ccc(OCC3CO3)cc4, CCC(COCC(C)OCC(C)N)(COCC(C)OCC(C)N)COCC(C)OCC(C)N, COCCOCCOCCOCCOCCOCCOCCOCCOCCOCCOCCOCCOCCOCCOCCOCCOCCOCCOCCOCCOCCOCCOCCOCCOCCOCCOCCOCCOCCOCCOCCOCCOCCOCC(C)OCC(C)OCC(C)OCC(C)OCC(C)OCC(C)OCC(C)OCC(C)OCC(C)OCC(C)N}",0.644:0.318:0.038,63,14.5
120,"Feldkamp & Rousseau, 2011 [39]",D-148(002)M600,"{CC(C)(c2ccc(OCC1CO1)cc2)c4ccc(OCC3CO3)cc4,  CCC(COCC(C)OCC(C)N)(COCC(C)OCC(C)N)COCC(C)OCC(C)N, COCCOCCOCCOCCOCCOCCOCCOCCOCCOCCOCCOCCN}",0.617:0.319:0.064,98,25
121,"Feldkamp & Rousseau, 2011 [39]",D-148(002)M1000,"{CC(C)(c2ccc(OCC1CO1)cc2)c4ccc(OCC3CO3)cc4, CCC(COCC(C)OCC(C)N)(COCC(C)OCC(C)N)COCC(C)OCC(C)N, COCCOCCOCCOCCOCCOCCOCCOCCOCCOCCOCCOCCOCCOCCOCCOCCOCCOCCOCCOCCOCC(C)N}",0.617:0.319:0.064,95,25.3
122,"Feldkamp & Rousseau, 2011 [39]",D-148(002)M2005,"{CC(C)(c2ccc(OCC1CO1)cc2)c4ccc(OCC3CO3)cc4, CCC(COCC(C)OCC(C)N)(COCC(C)OCC(C)N)COCC(C)OCC(C)N, COCCOCCOCCOCCOCCOCCOCCOCCOCCOCCOCCOCCOCCOCCOCCOCCOCCOCCOCCOCCOCCOCCOCCOCCOCCOCCOCCOCCOCCOCCOCCOCCOCCOCCOCCOCCOCCOCC(C)OCC(C)OCC(C)OCC(C)OCC(C)OCC(C)N}",0.617:0.319:0.064,99,22.7
123,"Feldkamp & Rousseau, 2011 [39]", D-148(002)M2070,"{CC(C)(c2ccc(OCC1CO1)cc2)c4ccc(OCC3CO3)cc4, CCC(COCC(C)OCC(C)N)(COCC(C)OCC(C)N)COCC(C)OCC(C)N, COCCOCCOCCOCCOCCOCCOCCOCCOCCOCCOCCOCCOCCOCCOCCOCCOCCOCCOCCOCCOCCOCCOCCOCCOCCOCCOCCOCCOCCOCCOCCOCCOCCOCC(C)OCC(C)OCC(C)OCC(C)OCC(C)OCC(C)OCC(C)OCC(C)OCC(C)OCC(C)N}",0.617:0.319:0.064,91,25.5
124,"Feldkamp & Rousseau, 2011 [39]",E-230(01)M2005,"{CC(C)(c2ccc(OCC1CO1)cc2)c4ccc(OCC3CO3)cc4, CC(N)COCC(C)OCC(C)OCC(C)N, COCCOCCOCCOCCOCCOCCOCCOCCOCCOCCOCCOCCOCCOCCOCCOCCOCCOCCOCCOCCOCCOCCOCCOCCOCCOCCOCCOCCOCCOCCOCCOCCOCCOCCOCCOCCOCCOCC(C)OCC(C)OCC(C)OCC(C)OCC(C)OCC(C)N}",0.655:0.305:0.04,79,8.9
125,"Feldkamp & Rousseau, 2010 [40]",E-900(1)148,"{CC(C)(c2ccc(OCC1CO1)cc2)c4ccc(OCC3CO3)cc4, CC(N)COCC(C)OCC(C)OCC(C)OCCOCCOCCOCCOCCOCCOCCOCCOCCOCCOCCOCCOCC(C)OCC(C)OCC(C)N, NCCOCCOCCN}",0.5:0.253:0.247,36.5,10.04
126,"Feldkamp & Rousseau, 2010 [40]", E-900(2)148,"{CC(C)(c2ccc(OCC1CO1)cc2)c4ccc(OCC3CO3)cc4, CC(N)COCC(C)OCC(C)OCC(C)OCCOCCOCCOCCOCCOCCOCCOCCOCCOCCOCCOCCOCC(C)OCC(C)OCC(C)N, NCCOCCOCCN}",0.5:0.197:0.303,53.99,12.05
127,"Feldkamp & Rousseau, 2010 [40]",E-900(3)148,"{CC(C)(c2ccc(OCC1CO1)cc2)c4ccc(OCC3CO3)cc4, CC(N)COCC(C)OCC(C)OCC(C)OCCOCCOCCOCCOCCOCCOCCOCCOCCOCCOCCOCCOCC(C)OCC(C)OCC(C)N, NCCOCCOCCN}",0.5:0.127:0.374,61.6,16.69
128,"Feldkamp & Rousseau, 2010 [40]",E-900(1)230,"{CC(C)(c2ccc(OCC1CO1)cc2)c4ccc(OCC3CO3)cc4, CC(N)COCC(C)OCC(C)OCC(C)OCCOCCOCCOCCOCCOCCOCCOCCOCCOCCOCCOCCOCC(C)OCC(C)OCC(C)N, CC(N)COCC(C)OCC(C)OCC(C)N}",0.5:0.248:0.252,38.93,9.95
129,"Feldkamp & Rousseau, 2010 [40]",E-900(2)230,"{CC(C)(c2ccc(OCC1CO1)cc2)c4ccc(OCC3CO3)cc4, CC(N)COCC(C)OCC(C)OCC(C)OCCOCCOCCOCCOCCOCCOCCOCCOCCOCCOCCOCCOCC(C)OCC(C)OCC(C)N, CC(N)COCC(C)OCC(C)OCC(C)N}",0.5:0.168:0.332,54.77,10.39
130,"Feldkamp & Rousseau, 2010 [40]",E-900(3)230,"{CC(C)(c2ccc(OCC1CO1)cc2)c4ccc(OCC3CO3)cc4, CC(N)COCC(C)OCC(C)OCC(C)OCCOCCOCCOCCOCCOCCOCCOCCOCCOCCOCCOCCOCC(C)OCC(C)OCC(C)N, CC(N)COCC(C)OCC(C)OCC(C)N}",0.5:0.124:0.377,63.41,12.46
131,"Feldkamp & Rousseau, 2010 [40]",E-900(4)230,"{CC(C)(c2ccc(OCC1CO1)cc2)c4ccc(OCC3CO3)cc4, CC(N)COCC(C)OCC(C)OCC(C)OCCOCCOCCOCCOCCOCCOCCOCCOCCOCCOCCOCCOCC(C)OCC(C)OCC(C)N, CC(N)COCC(C)OCC(C)OCC(C)N}",0.5:0.1:0.4,66.4,10.06
132,"Feldkamp & Rousseau, 2010 [40]",D-148(04)M600,"{CC(C)(c2ccc(OCC1CO1)cc2)c4ccc(OCC3CO3)cc4, NCCOCCOCCN, COCCOCCOCCOCCOCCOCCOCCOCCOCCOCCOCCOCCN}",0.5:0.346:0.154,60.39,11.34
133,"Feldkamp & Rousseau, 2010 [40]",D-148(02)M1000,"{CC(C)(c2ccc(OCC1CO1)cc2)c4ccc(OCC3CO3)cc4, NCCOCCOCCN, COCCOCCOCCOCCOCCOCCOCCOCCOCCOCCOCCOCCN}",0.5:0.402:0.098,57.07,15.19
134,"Feldkamp & Rousseau, 2010 [40]",D-148(01)M2070,"{CC(C)(c2ccc(OCC1CO1)cc2)c4ccc(OCC3CO3)cc4, NCCOCCOCCN, COCCOCCOCCOCCOCCOCCOCCOCCOCCOCCOCCOCCOCCOCCOCCOCCOCCOCCOCCOCCOCCOCCOCCOCCOCCOCCOCCOCCOCCOCCOCCOCCOCCOCC(C)OCC(C)OCC(C)OCC(C)OCC(C)OCC(C)OCC(C)OCC(C)OCC(C)OCC(C)N}",0.5:0.448:0.052,62.74,14.49
135,"Feldkamp & Rousseau, 2010 [40]",D-148(002)M1000,"{CC(C)(c2ccc(OCC1CO1)cc2)c4ccc(OCC3CO3)cc4, NCCOCCOCCN, COCCOCCOCCOCCOCCOCCOCCOCCOCCOCCOCCOCCOCCOCCOCCOCCOCCOCCOCCOCCOCC(C)N}",0.5:0.489:0.011,94.57,25.3
136,"Feldkamp & Rousseau, 2010 [40]",D-148(002)M2005,"{CC(C)(c2ccc(OCC1CO1)cc2)c4ccc(OCC3CO3)cc4, NCCOCCOCCN, COCCOCCOCCOCCOCCOCCOCCOCCOCCOCCOCCOCCOCCOCCOCCOCCOCCOCCOCCOCCOCCOCCOCCOCCOCCOCCOCCOCCOCCOCCOCCOCCOCCOCCOCCOCCOCCOCC(C)OCC(C)OCC(C)OCC(C)OCC(C)OCC(C)N}",0.5:0.489:0.011,98.56,22.69
137,"Feldkamp & Rousseau, 2010 [40]",D-148(002)M2070,"{CC(C)(c2ccc(OCC1CO1)cc2)c4ccc(OCC3CO3)cc4, NCCOCCOCCN, COCCOCCOCCOCCOCCOCCOCCOCCOCCOCCOCCOCCOCCOCCOCCOCCOCCOCCOCCOCCOCCOCCOCCOCCOCCOCCOCCOCCOCCOCCOCCOCCOCCOCC(C)OCC(C)OCC(C)OCC(C)OCC(C)OCC(C)OCC(C)OCC(C)OCC(C)OCC(C)N}",0.5:0.489:0.011,91.39,22.51
138,Altuna et al. 2016 [41],CS11,"{CC(C)(c2ccc(OCC1CO1)cc2)c4ccc(OCC3CO3)cc4, O=C(O)CC(O)(CC(=O)O)C(=O)O, O=C(O)CCCCCCCCC(=O)O}",0.524:0.238:0.238,53,5.12
139,Altuna et al. 2016 [41],S12,"{CC(C)(c2ccc(OCC1CO1)cc2)c4ccc(OCC3CO3)cc4, O=C(O)CCCCCCCCC(=O)O}",0.55:0.45,30,1.96
140,Altuna et al. 2016 [41],S15,"{CC(C)(c2ccc(OCC1CO1)cc2)c4ccc(OCC3CO3)cc4, O=C(O)CCCCCCCCC(=O)O}",0.6:0.4,51,8.05
141,Altuna et al. 2016 [41],S20,"{CC(C)(c2ccc(OCC1CO1)cc2)c4ccc(OCC3CO3)cc4, O=C(O)CCCCCCCCC(=O)O}",0.67:0.33,54,7.92
142,Altuna et al. 2016 [41],G15,"{CC(C)(c2ccc(OCC1CO1)cc2)c4ccc(OCC3CO3)cc4,O=C(O)CCCC(=O)O}",0.6:0.4,62,6.84
143,"Fan et al., 2013[42]",EPD230(0),"{CC(C)(c2ccc(OCCOCC1CO1)cc2)c4ccc(OCCOCC3CO3)cc4, O=C1OC(=O)C2CCCCC12}",0.68:0.32,83,8.6
144,"Fan et al., 2013[42]",EPD230(20),"{CC(C)(c2ccc(OCCOCC1CO1)cc2)c4ccc(OCCOCC3CO3)cc4, CC(N)COCC(C)OCC(C)OCC(C)N, CC1(C)CC(N)CC(C)(CN)C1}",0.678:0.053:0.269,76,6.37
145,"Fan et al., 2013[42]",EPD230(40),"{CC(C)(c2ccc(OCCOCC1CO1)cc2)c4ccc(OCCOCC3CO3)cc4, CC(N)COCC(C)OCC(C)OCC(C)N, CC1(C)CC(N)CC(C)(CN)C1}",0.674:0.112:0.214,69,5.85
146,"Fan et al., 2013[42]",EPD230(60),"{CC(C)(c2ccc(OCCOCC1CO1)cc2)c4ccc(OCCOCC3CO3)cc4, CC(N)COCC(C)OCC(C)OCC(C)N, CC1(C)CC(N)CC(C)(CN)C1}",0.67:0.179:0.151,63,5.48
147,"Fan et al., 2013[42]",EPD230(80),"{CC(C)(c2ccc(OCCOCC1CO1)cc2)c4ccc(OCCOCC3CO3)cc4, CC(N)COCC(C)OCC(C)OCC(C)N, CC1(C)CC(N)CC(C)(CN)C1}",0.665:0.254:0.081,53,5.02
148,"Fan et al., 2014[43]",EP06(0),"{CC(C)(c2ccc(OCCOCC1CO1)cc2)c4ccc(OCCOCC3CO3)cc4, O=C1OC(=O)C2CCCCC12}",0.33:0.67,95,11.48
149,"Fan et al., 2014[43]",EP06(25),"{CC(C)(c2ccc(OCCOCC1CO1)cc2)c4ccc(OCCOCC3CO3)cc4, CC(C)(c2ccc(OCCOCCOCCOC1CO1)cc2)c4ccc(OCCOCCOCCC3CO3)cc4, O=C1OC(=O)C2CCCCC12}",0.264:0.063:0.673,80.5,9.99
150,"Fan et al., 2014[43]",EP06(50),"{CC(C)(c2ccc(OCCOCC1CO1)cc2)c4ccc(OCCOCC3CO3)cc4, CC(C)(c2ccc(OCCOCCOCCOC1CO1)cc2)c4ccc(OCCOCCOCCC3CO3)cc4, O=C1OC(=O)C2CCCCC12}",0.191:0.138:0.672,66.9,7.46
151,"Fan et al., 2014[43]",EP06(75),"{CC(C)(c2ccc(OCCOCC1CO1)cc2)c4ccc(OCCOCC3CO3)cc4,CC(C)(c2ccc(OCCOCCOCCOC1CO1)cc2)c4ccc(OCCOCCOCCC3CO3)cc4, O=C1OC(=O)C2CCCCC12}",0.104:0.226:0.67,54.05,6.97
152,"Fan et al., 2014[43]",EP06(85),"{CC(C)(c2ccc(OCCOCC1CO1)cc2)c4ccc(OCCOCC3CO3)cc4,CC(C)(c2ccc(OCCOCCOCCOC1CO1)cc2)c4ccc(OCCOCCOCCC3CO3)cc4, O=C1OC(=O)C2CCCCC12}",0.065:0.266:0.669,46.43,6.81
153,"Santiago et al, 2016b[44]",90D400-10LP,"{C(C)(c2ccc(OCC1CO1)cc2)c4ccc(OCC3CO3)cc4, CC(N)COCC(C)COCC(C)COCC(C)COCC(C)COCC(C)COCC(C)N, NCCNCCN(CCNCCC(CN)CCN)CCN(CCNCCN)CCN(CCN)CCN}",0.719:0.265:0.016,60,16
154,"Santiago et al, 2016b[44]",60D400-40LP,"{CC(C)(c2ccc(OCC1CO1)cc2)c4ccc(OCC3CO3)cc4, CC(N)COCC(C)COCC(C)COCC(C)COCC(C)COCC(C)COCC(C)N, NCCNCCN(CCNCCC(CN)CCN)CCN(CCNCCN)CCN(CCN)CCN}",0.779:0.172:0.049,87,29
155,"Santiago et al, 2016b[44]",300D400-70LP,"{CC(C)(c2ccc(OCC1CO1)cc2)c4ccc(OCC3CO3)cc4, CC(N)COCC(C)COCC(C)COCC(C)COCC(C)COCC(C)COCC(C)N, NCCNCCN(CCNCCC(CN)CCN)CCN(CCNCCN)CCN(CCN)CCN}",0.832:0.084:0.084,117,52
156,"Wei et al., 2015[45]",A,"{CC(C)(C4CCC(OCC(O)COC3CCC(C(C)(C)C2CCC(OCC1CO1)CC2)CC3)CC4)C6CCC(OCC5CO5)CC6, CC(=O)C1CCCCC1C(C)=O}",0.33:0.67,113,16.2
157,"Wei et al., 2015[45]",B,"{CC(C)(C4CCC(OCC(O)COC3CCC(C(C)(C)C2CCC(OCC1CO1)CC2)CC3)CC4)C6CCC(OCC5CO5)CC6,O=C(OCC1CO1)C3CC2OC2CC3C(=O)OCC4CO4, CC(=O)C1CCCCC1C(C)=O}",0.1765:0.1176:0.7059,121,16.93
158,"Wei et al., 2015[45]",C,"{CC(C)(C4CCC(OCC(O)COC3CCC(C(C)(C)C2CCC(OCC1CO1)CC2)CC3)CC4)C6CCC(OCC5CO5)CC6,O=C(OCC1CO1)C3CC2OC2CC3C(=O)OCC4CO4, CC(=O)C1CCCCC1C(C)=O}",0.25:0.0625:0.6875,128,18.1
159,"Wei et al., 2015[45]",D,"{CC(C)(C4CCC(OCC(O)COC3CCC(C(C)(C)C2CCC(OCC1CO1)CC2)CC3)CC4)C6CCC(OCC5CO5)CC6, O=C(OCC1CO1)C3CC2OC2CC3C(=O)OCC4CO4, CC(=O)C1CCCCC1C(C)=O}",0.212:0.091:0.697,135,18.51
160,"Wei et al., 2015[45]",E,"{CC(C)(C4CCC(OCC(O)COC3CCC(C(C)(C)C2CCC(OCC1CO1)CC2)CC3)CC4)C6CCC(OCC5CO5)CC6, O=C(OCC1CO1)C3CC2OC2CC3C(=O)OCC4CO4, CC(=O)C1CCCCC1C(C)=O}",0.1765:0.1176:0.7059,142,19.8
161,"Ma et al., 2017 [46]",MDS-EPO,"{Nc2ccc(SSc1ccc(N)cc1)cc2, C1OC1COC3COC4C(OC2CO2)COC34}",0.33:0.67,41.4,0.38
162,"Ma et al., 2017 [46]",MDA-EPO,"{Nc2ccc(Cc1ccc(N)cc1)cc2, C1OC1COC3COC4C(OC2CO2)COC34}",0.33:0.67,37.3,0.38
163,Hassan et al. 2015 [47],33 Bis A,"{Nc2cccc(S(=O)(=O)c1cccc(N)c1)c2, CC(C)(c2ccc(OCC1CO1)cc2)c4ccc(OCC3CO3)cc4}",0.33:0.67,187,24
164,Hassan et al. 2015 [47],44 Bis A,"{Nc2cccc(S(=O)(=O)c1cccc(N)c1)c2, CC(C)(c2ccc(OCC1CO1)cc2)c4ccc(OCC3CO3)cc4}",0.33:0.67,219,28
165,"Santiago et al, 2016[22]",70-30-FG,"{CC(C)(c4ccc(OCC(O)COc3ccc(C(C)(C)c2ccc(OCC1CO1)cc2)cc3)cc4)c6ccc(OCC5CO5)cc6, CC(N)COCC(C)N, CCNCCN(CCN)CCNCCN(CCNCCN(CC)CCN)CCN(CCNCC)CCN(CC)CCN}",0.85:0.14:0.01,77,23
166,"Santiago et al, 2016[22]",40-60-FG,"{CC(C)(c4ccc(OCC(O)COc3ccc(C(C)(C)c2ccc(OCC1CO1)cc2)cc3)cc4)c6ccc(OCC5CO5)cc6, CC(N)COCC(C)N, CCNCCN(CCN)CCNCCN(CCNCCN(CC)CCN)CCN(CCNCC)CCN(CC)CCN}",0.89:0.08:0.03,104,41
167,"Santiago et al, 2016[22]",90-10-PR,"{CC(C)(c4ccc(OCC(O)COc3ccc(C(C)(C)c2ccc(OCC1CO1)cc2)cc3)cc4)c6ccc(OCC5CO5)cc6, CC(N)COCC(C)N, CCNCCN(CCN)CCNCCN(CCNCCN(CC)CCN)CCN(CCNCC)CCN(CC)CCN}",0.81:0.19:0.01,56,15
168,"Santiago et al, 2016[22]",80-20-PR,"{CC(C)(c4ccc(OCC(O)COc3ccc(C(C)(C)c2ccc(OCC1CO1)cc2)cc3)cc4)c6ccc(OCC5CO5)cc6, CC(N)COCC(C)N, CCNCCN(CCN)CCNCCN(CCNCCN(CC)CCN)CCN(CCNCC)CCN(CC)CCN}",0.82:0.17:0.01,64,18
169,"Santiago et al, 2016[22]",70-30-PR,"{CC(C)(c4ccc(OCC(O)COc3ccc(C(C)(C)c2ccc(OCC1CO1)cc2)cc3)cc4)c6ccc(OCC5CO5)cc6, CC(N)COCC(C)N, CCNCCN(CCN)CCNCCN(CCNCCN(CC)CCN)CCN(CCNCC)CCN(CC)CCN}",0.84:0.14:0.02,70,22
170,"Santiago et al, 2016[22]",60-40-PR,"{CC(C)(c4ccc(OCC(O)COc3ccc(C(C)(C)c2ccc(OCC1CO1)cc2)cc3)cc4)c6ccc(OCC5CO5)cc6, CC(N)COCC(C)N, CCNCCN(CCN)CCNCCN(CCNCCN(CC)CCN)CCN(CCNCC)CCN(CC)CCN}",0.86:0.12:0.02,79,23
171,"Santiago et al, 2016[22]",50-50-PR,"{CC(C)(c4ccc(OCC(O)COc3ccc(C(C)(C)c2ccc(OCC1CO1)cc2)cc3)cc4)c6ccc(OCC5CO5)cc6,CC(N)COCC(C)N, CCNCCN(CCN)CCNCCN(CCNCCN(CC)CCN)CCN(CCNCC)CCN(CC)CCN}",0.88:0.1:0.02,89,32
172,"Santiago et al, 2016[22]",40-60-PR,"{CC(C)(c4ccc(OCC(O)COc3ccc(C(C)(C)c2ccc(OCC1CO1)cc2)cc3)cc4)c6ccc(OCC5CO5)cc6, CC(N)COCC(C)N, CCNCCN(CCN)CCNCCN(CCNCCN(CC)CCN)CCN(CCNCC)CCN(CC)CCN}",0.89:0.08:0.03,99,44
173,"Santiago et al, 2016[22]",30-70-PR,"{CC(C)(c4ccc(OCC(O)COc3ccc(C(C)(C)c2ccc(OCC1CO1)cc2)cc3)cc4)c6ccc(OCC5CO5)cc6, CC(N)COCC(C)N, CCNCCN(CCN)CCNCCN(CCNCCN(CC)CCN)CCN(CCNCC)CCN(CC)CCN}",0.91:0.06:0.03,112,58
174,"Tanpikasit et al, 2014 [48]",BA-a 30 mol%,"{CC(C)(c3ccc2OCN(c1ccccc1)Cc2c3)c6ccc5OCN(c4ccccc4)Cc5c6, CC(C)(COCC1CO1)COCC2CO2}",0.3:0.7,51,39.04
175,"Tanpikasit et al, 2014 [48]",BA-a 40 mol%,"{CC(C)(c3ccc2OCN(c1ccccc1)Cc2c3)c6ccc5OCN(c4ccccc4)Cc5c6, CC(C)(COCC1CO1)COCC2CO2}",0.4:0.6,88,80.76
176,"Tanpikasit et al, 2014 [48]",BA-a 50 mol%,"{CC(C)(c3ccc2OCN(c1ccccc1)Cc2c3)c6ccc5OCN(c4ccccc4)Cc5c6, CC(C)(COCC1CO1)COCC2CO2}",0.5:0.5,140,171.97
177,"Tanpikasit et al, 2015 [49]",BA-a 30 mol%,"{CC(C)(c3ccc2OCN(c1ccccc1)Cc2c3)c6ccc5OCN(c4ccccc4)Cc5c6, CC(C)(COCC1CO1)COCC2CO2}",0.3:0.7,51,37.89
178,"Tanpikasit et al, 2015 [49]",BA-a 35 mol%,"{CC(C)(c3ccc2OCN(c1ccccc1)Cc2c3)c6ccc5OCN(c4ccccc4)Cc5c6, CC(C)(COCC1CO1)COCC2CO2}",0.35:0.65,70,44.22
179,"Tanpikasit et al, 2015 [49]",BA-a 40 mol%,"{CC(C)(c3ccc2OCN(c1ccccc1)Cc2c3)c6ccc5OCN(c4ccccc4)Cc5c6, CC(C)(COCC1CO1)COCC2CO2}",0.4:0.6,88,80.52
180,"Tanpikasit et al, 2015 [49]",BA-a 45 mol%,"{CC(C)(c3ccc2OCN(c1ccccc1)Cc2c3)c6ccc5OCN(c4ccccc4)Cc5c6, CC(C)(COCC1CO1)COCC2CO2}",0.45:0.55,122,95.41
181,"Tanpikasit et al, 2015 [49]",BA-a 50 mol%,"{CC(C)(c3ccc2OCN(c1ccccc1)Cc2c3)c6ccc5OCN(c4ccccc4)Cc5c6, CC(C)(COCC1CO1)COCC2CO2}",0.5:0.5,140,129.76
182,"Wu et al, 2019[5]",DLP SMP #1,"{C=C(C)C(=O)OCCCC, C=CC(=O)OCCCCCCOC(=O)C=C}",0.94:0.06,48.7,38.6
183,"Wu et al, 2019[5]",DLP SMP #2,"{C=C(C)C(=O)OCCCC, C=CC(=O)OCCCCCCOC(=O)C=C}",0.88:0.12,52.9,41.3
184,"Wu et al, 2019[5]",DLP SMP #4,"{C=C(C)C(=O)OCCCC, C=CC(=O)OCCCCCCOC(=O)C=C}",0.73:0.27,67.6,46.5
185,"Wu et al, 2019[5]",DLP SMP #5,"{C=C(C)C(=O)OCCCC, C=CC(=O)OCCCCCCOC(=O)C=C}",0.64:0.36,76.3,49.1
186,"Zheng et al, 2015 [16]",EPON2,"{CC(C)(c4ccc(OCC(O)COc3ccc(C(C)(C)c2ccc(OCC1CO1)cc2)cc3)cc4)c6ccc(OCC5CO5)cc6, CC(N)COCC(C)N}",0.57:0.43,70,7.39
187,"Zheng et al, 2015 [16]",EPON3,"{CC(C)(c4ccc(OCC(O)COc3ccc(C(C)(C)c2ccc(OCC1CO1)cc2)cc3)cc4)c6ccc(OCC5CO5)cc6, CC(N)COCC(C)N}",0.63:0.37,79,13.85
188,"Lakhera et al, 2012 [20]",tba-co-XLS(20%),"{C=C(C)C(=C)OCOCCOC(=O)C(=C)C, C=C(C)C(=O)OCCOCCOCCOCCOCCOCCOCCOCCOCCOC(=O)C(=C)C, C=CC(=O)OC(C)(C)C}",0.91:0.06:0.03,53.35,4.38
189,"Lakhera et al, 2012 [20]",tba-co-XLS(30%),"{C=C(C)C(=C)OCOCCOC(=O)C(=C)C, C=C(C)C(=O)OCCOCCOCCOCCOCCOCCOCCOCCOCCOC(=O)C(=C)C, C=CC(=O)OC(C)(C)C}",0.64:0.25:0.11,57.11,11.56
190,"Jo et al, 2018 [29]",D230-5,"{CC(C)(c4ccc(OCC(O)COc3ccc(C(C)(C)c2ccc(OCC1CO1)cc2)cc3)cc4)c6ccc(OCC5CO5)cc6, Nc2ccc(Cc1ccc(N)cc1)cc2, CC(N)COCC(C)N}",0.73:0.23:0.04,113.8,6.6
191,"Jo et al, 2018 [29]",D230-15,"{CC(C)(c4ccc(OCC(O)COc3ccc(C(C)(C)c2ccc(OCC1CO1)cc2)cc3)cc4)c6ccc(OCC5CO5)cc6, Nc2ccc(Cc1ccc(N)cc1)cc2, CC(N)COCC(C)N}",0.75:0.24:0.01,146.5,21.2
192,"Jo et al, 2018 [29]",D400-6,"{CC(C)(c4ccc(OCC(O)COc3ccc(C(C)(C)c2ccc(OCC1CO1)cc2)cc3)cc4)c6ccc(OCC5CO5)cc6, Nc2ccc(Cc1ccc(N)cc1)cc2, CC(N)COCC(C)N}",0.73:0.23:0.04,114.3,7.8
193,"Jo et al, 2018 [29]",D400-11,"{CC(C)(c4ccc(OCC(O)COc3ccc(C(C)(C)c2ccc(OCC1CO1)cc2)cc3)cc4)c6ccc(OCC5CO5)cc6, Nc2ccc(Cc1ccc(N)cc1)cc2, CC(N)COCC(C)N}",0.7:0.22:0.08,122.5,13.8
194,"Ortega et al, 2012[21]",tba-co-PEGDMA(2%),"{C=C(C)C(=O)OCCCC, CC(=O)OCCOCCOCCOCCOCCOCCOCCOCCOCCOCCOC(=O)C(C)=O, C=C(C)C(=O)OCCOCCOCCOCCOCCOC(=O)C(C)=O}",0.994:0.002:0.004,57,1.1
195,"Ortega et al, 2012[21]",tba-co-PEGDMA(40%),"{C=C(C)C(=O)OCCCC, CC(=O)OCCOCCOCCOCCOCCOCCOCCOCCOCCOCCOC(=O)C(C)=O, C=C(C)C(=O)OCCOCCOCCOCCOCCOC(=O)C(C)=O}",0.834:0.103:0.063,55,23.4
196,"Cheng et al , 2020[25]",DER-NMA-0.05TEOA,"{CC(C)(c2ccc(OCC1CO1)cc2)c4ccc(OCC3CO3)cc4, CC2=CC(C)(C)C1C(=O)OC(=O)C1C2C, OCCN(CCO)CCO}",0.488:0.488:0.024,124.4,12
197,"Cheng et al , 2020[25]",DER-NMA-0.15TEOA5,"{CC(C)(c2ccc(OCC1CO1)cc2)c4ccc(OCC3CO3)cc4, CC2=CC(C)(C)C1C(=O)OC(=O)C1C2C, OCCN(CCO)CCO}",0.465:0.465:0.07,124.1,10
198,"Cheng et al , 2020[25]",DER-NMA-0.2TEOA,"{CC(C)(c2ccc(OCC1CO1)cc2)c4ccc(OCC3CO3)cc4, CC2=CC(C)(C)C1C(=O)OC(=O)C1C2C, OCCN(CCO)CCO}",0.45:0.45:0.1,119,5
199,"Xie et al, 2009[30]", DA1,"{CC(C)(c2ccc(OCC1CO1)cc2)c4ccc(OCC3CO3)cc4, CC(N)COCC(C)OCC(C)OCC(C)N, CCCCCCCCCCN}",0.62:0.23:0.15,76.31,11.6
200,"Xie et al, 2009[30]",DA2,"{CC(C)(c2ccc(OCC1CO1)cc2)c4ccc(OCC3CO3)cc4, CC(N)COCC(C)OCC(C)OCC(C)N, CCCCCCCCCCN}",0.57:0.14:0.29,64.53,7.42
201,"Xie et al, 2009[30]",DA3,"{CC(C)(c2ccc(OCC1CO1)cc2)c4ccc(OCC3CO3)cc4, CC(N)COCC(C)OCC(C)OCC(C)N, CCCCCCCCCCN}",0.53:0.07:0.4,76.31,3.04
202,"Xie et al, 2009[30]",NGDE1,"{CC(C)(c2ccc(OCC1CO1)cc2)c4ccc(OCC3CO3)cc4, CC(N)COCC(C)OCC(C)OCC(C)N, CC(C)(COCC1CO1)COCC2CO2}",0.5:0.33:0.17,57.87,13.98
203,"Xie et al, 2009[30]",NGDE2,"{CC(C)(c2ccc(OCC1CO1)cc2)c4ccc(OCC3CO3)cc4, CC(N)COCC(C)OCC(C)OCC(C)N, CC(C)(COCC1CO1)COCC2CO2}",0.33:0.33:0.33,37.64,9.78
204,"Xie et al, 2009[30]",NGDE3,"{CC(C)(c2ccc(OCC1CO1)cc2)c4ccc(OCC3CO3)cc4, CC(N)COCC(C)OCC(C)OCC(C)N, CC(C)(COCC1CO1)COCC2CO2}",0.17:0.33:0.5,23.17,4.78
205,"Lin and Chen,1999[10]",A5,"{O=C=Nc2ccc(Cc1ccc(N=C=O)cc1)cc2, COCCCCOC(=O)CCCCC(=O)OCCCCOC(=O)CCCCC(=O)OCCCCOC(=O)CCCCC(C)=O, CCC(CO)(CO)CO}",0.588:0.059:0.353,135.59,10.28
206,"Lin and Chen,1999[10]",A6,"{O=C=Nc2ccc(Cc1ccc(N=C=O)cc1)cc2, COCCCCOC(=O)CCCCC(=O)OCCCCOC(=O)CCCCC(=O)OCCCCOC(=O)CCCCC(C)=O, CCC(CO)(CO)CO}",0.59:0.049:0.361,135.59,12.87
207,"Lin and Chen,1999[10]",B2,"{O=C=Nc2ccc(Cc1ccc(N=C=O)cc1)cc2, COCCCCOC(=O)CCCCC(=O)OCCCCOC(=O)CCCCC(=O)OCCCCOC(=O)CCCCC(=O)OCCCCOC(=O)CCCCC(=O)OCCCCOC(=O)CCCCC(=O)OCCCCOC(=O)CCCCC(=O)OCCCCOC(=O)CCCCC(C)=O, CCC(CO)(CO)CO}",0.571:0.143:0.286,15.45,1.61
208,"Lin and Chen,1999[10]",B3,"{O=C=Nc2ccc(Cc1ccc(N=C=O)cc1)cc2, COCCCCOC(=O)CCCCC(=O)OCCCCOC(=O)CCCCC(=O)OCCCCOC(=O)CCCCC(=O)OCCCCOC(=O)CCCCC(=O)OCCCCOC(=O)CCCCC(=O)OCCCCOC(=O)CCCCC(=O)OCCCCOC(=O)CCCCC(C)=O, CCC(CO)(CO)CO}",0.581:0.097:0.323,42.09,4.3
209,"Lin and Chen,1999[10]",B4,"{O=C=Nc2ccc(Cc1ccc(N=C=O)cc1)cc2, COCCCCOC(=O)CCCCC(=O)OCCCCOC(=O)CCCCC(=O)OCCCCOC(=O)CCCCC(=O)OCCCCOC(=O)CCCCC(=O)OCCCCOC(=O)CCCCC(=O)OCCCCOC(=O)CCCCC(=O)OCCCCOC(=O)CCCCC(C)=O, CCC(CO)(CO)CO}",0.585:0.073:0.341,54.81,5.74
210,"Lin and Chen,1999[10]",B5,"{O=C=Nc2ccc(Cc1ccc(N=C=O)cc1)cc2, COCCCCOC(=O)CCCCC(=O)OCCCCOC(=O)CCCCC(=O)OCCCCOC(=O)CCCCC(=O)OCCCCOC(=O)CCCCC(=O)OCCCCOC(=O)CCCCC(=O)OCCCCOC(=O)CCCCC(=O)OCCCCOC(=O)CCCCC(C)=O, CCC(CO)(CO)CO}",0.588:0.059:0.353,63.14,14.83
211,"Lin and Chen,1999[10]",B6,"{O=C=Nc2ccc(Cc1ccc(N=C=O)cc1)cc2, COCCCCOC(=O)CCCCC(=O)OCCCCOC(=O)CCCCC(=O)OCCCCOC(=O)CCCCC(=O)OCCCCOC(=O)CCCCC(=O)OCCCCOC(=O)CCCCC(=O)OCCCCOC(=O)CCCCC(=O)OCCCCOC(=O)CCCCC(C)=O, CCC(CO)(CO)CO}",0.59:0.049:0.361,67.52,15.3
212,"Grauzeliene et al., 2022[50]",100D,"{C=CC(=O)OCC(O)COc1ccccc1, C=C/C(=C\C(OC)=C(C)\OCC(O)COC(=C)C(=C)C)COCC(O)COC(=O)C(=C)C}",0.0:1.0,50,0.3
213,"Grauzeliene et al., 2022[50]",80D/20H,"{C=CC(=O)OCC(O)COc1ccccc1, C=C/C(=C\C(OC)=C(C)\OCC(O)COC(=C)C(=C)C)COCC(O)COC(=O)C(=C)C}",0.2:0.8,30,0.09
214,"Grauzeliene et al., 2022[50]",60D/40H,"{C=CC(=O)OCC(O)COc1ccccc1, C=C/C(=C\C(OC)=C(C)\OCC(O)COC(=C)C(=C)C)COCC(O)COC(=O)C(=C)C}",0.4:0.6,22,0.08
215,"Grauzeliene et al., 2022[50]",40D/60H,"{C=CC(=O)OCC(O)COc1ccccc1, C=C/C(=C\C(OC)=C(C)\OCC(O)COC(=C)C(=C)C)COCC(O)COC(=O)C(=C)C}",0.6:0.4,43,0.24
216,"Grauzeliene et al., 2022[50]",20D/80H,"{C=CC(=O)OCC(O)COc1ccccc1, C=C/C(=C\C(OC)=C(C)\OCC(O)COC(=C)C(=C)C)COCC(O)COC(=O)C(=C)C}",0.8:0.2,12,0.13
217,"Song, Wang and Wang, 2011[51]", #1,"{CC(C)(c2ccc(OCC1CO1)cc2)c4ccc(OCC3CO3)cc4, Nc2ccc(Cc1ccc(N)cc1)cc2}",0.79:0.21,55.8,1.87
218,"Song, Wang and Wang, 2011[51]", #2,"{CC(C)(c2ccc(OCC1CO1)cc2)c4ccc(OCC3CO3)cc4, Nc2ccc(Cc1ccc(N)cc1)cc2}",0.77:0.23,79.8,4.72
219,"Song, Wang and Wang, 2011[51]", #4,"{CC(C)(c2ccc(OCC1CO1)cc2)c4ccc(OCC3CO3)cc4, Nc1cccc(N)c1",0.82:0.18,56.1,1.53
220,"Song, Wang and Wang, 2011[51]",#5,"{CC(C)(c2ccc(OCC1CO1)cc2)c4ccc(OCC3CO3)cc4,Nc2ccc(Cc1ccc(N)cc1)cc2, Nc1cccc(N)c1}",0.785:0.124:0.091,72.2,5.22
221,"Song, Wang and Wang, 2011[51]",#6,"{CC(C)(c2ccc(OCC1CO1)cc2)c4ccc(OCC3CO3)cc4, Nc2ccc(Cc1ccc(N)cc1)cc2, Nc1cccc(N)c1}",0.787:0.145:0.068,83.2,3.77
222,"Yakacki et al., 2007[52]",10% wt,"{C=C(C)C(=O)OCCOCCOCCOCCOCCOCCOCCOCCOCCOCCOCCOCCOCCOCCOCCOCCOCCOC(=O)C(=C)C, C=CC(=O)OC(C)(C)C}",0.02:0.98,52.2,1.53
223,"Yakacki et al., 2007[52]",20%wt,"{C=C(C)C(=O)OCCOCCOCCOCCOCCOCCOCCOCCOCCOCCOCCOCCOCCOCCOCCOCCOCCOC(=O)C(=C)C, C=CC(=O)OC(C)(C)C}",0.04:0.96,51.4,6.33
224,"Yakacki et al., 2007[52]",40% wt,"{C=C(C)C(=O)OCCOCCOCCOCCOCCOCCOCCOCCOCCOCCOCCOCCOCCOCCOCCOCCOCCOC(=O)C(=C)C, C=CC(=O)OC(C)(C)C}",0.09:0.91,49.9,12.7
225,"Giebler et al., 2020[53]",3-DGOA-0.25-Zn,"{c3cc(N(CC1CC1)CC2CO2)ccc3OCC4CO4, O=C1CCCC(=O)O1}",0.41:0.59,120,125
226,"Giebler et al., 2020[53]",3-DGOA-0.5,"{c3cc(N(CC1CC1)CC2CO2)ccc3OCC4CO4, O=C1CCCC(=O)O1}",0.26:0.74,125,188
227,"Giebler et al., 2020[53]",4-DGA-0.5-Zn,"{c3cc(N(CC1CO1)CC2CO2)ccc3Cc6ccc(N(CC4CO4)CC5CO5)cc6, O=C1CCCC(=O)O1}",0.22:0.78,130,298
228,"Giebler et al., 2020[53]",4-DGA-0.25-Zn,"{c3cc(N(CC1CO1)CC2CO2)ccc3Cc6ccc(N(CC4CO4)CC5CO5)cc6, O=C1CCCC(=O)O1}",0.35:0.65,122,72
229,"Karger-Kocsis et al, 2014[56]",EP/ESO 100/0,"{CC(C)(c2ccc(OCC1CC1)cc2)c4ccc(OCC3CO3)cc4, CCCCCCCCC1OC1CCCCCCCC(=O)OCC(COC(=O)CCCCCCCC2OC2CC3OC3CCCCC)OC(=O)CCCCCCCC4OC4CCCCCCCC}",1.0:0.0,118.53,82
230,"Karger-Kocsis et al, 2014[56]",EP/ESO 75/25,"{CC(C)(c2ccc(OCC1CC1)cc2)c4ccc(OCC3CO3)cc4, CCCCCCCCC1OC1CCCCCCCC(=O)OCC(COC(=O)CCCCCCCC2OC2CC3OC3CCCCC)OC(=O)CCCCCCCC4OC4CCCCCCCC}",0.75:0.25,115.02,81
231,"Karger-Kocsis et al, 2014[56]",EP/ESO 50/50,"{CC(C)(c2ccc(OCC1CC1)cc2)c4ccc(OCC3CO3)cc4, CCCCCCCCC1OC1CCCCCCCC(=O)OCC(COC(=O)CCCCCCCC2OC2CC3OC3CCCCC)OC(=O)CCCCCCCC4OC4CCCCCCCC}",0.5:0.5,119.69,67
232,"Karger-Kocsis et al, 2014[56]",EP/ESO 25/75,"{CC(C)(c2ccc(OCC1CC1)cc2)c4ccc(OCC3CO3)cc4, CCCCCCCCC1OC1CCCCCCCC(=O)OCC(COC(=O)CCCCCCCC2OC2CC3OC3CCCCC)OC(=O)CCCCCCCC4OC4CCCCCCCC}",0.25:0.75,116.99,60
233,"Karger-Kocsis et al, 2014[56]",EP/ESO 0/100,"{CC(C)(c2ccc(OCC1CC1)cc2)c4ccc(OCC3CO3)cc4, CCCCCCCCC1OC1CCCCCCCC(=O)OCC(COC(=O)CCCCCCCC2OC2CC3OC3CCCCC)OC(=O)CCCCCCCC4OC4CCCCCCCC}",0.0:1:0,109.36,55
234,"Nicolas et al., 2020[57]",TRI-80%,"{CCCCCCCCC1OC1CCCCCCCC(=O)OCC(COC(=O)CCCCCCCC2OC2CCCCCCCC)OC(=O)CCCCCCCC3OC3CC4OC4CCCCC, c5cc(C(c2ccc(OCC1CO1)cc2)c4ccc(OCC3CO3)cc4)ccc5OCC6CO6, O=C(O)CCCC(=O)O}",0.1:0.8:0.1,16,123.1
235,"Nicolas et al., 2020[57]",TRI-60%,"{CCCCCCCCC1OC1CCCCCCCC(=O)OCC(COC(=O)CCCCCCCC2OC2CCCCCCCC)OC(=O)CCCCCCCC3OC3CC4OC4CCCCC, c5cc(C(c2ccc(OCC1CO1)cc2)c4ccc(OCC3CO3)cc4)ccc5OCC6CO6, O=C(O)CCCC(=O)O}",0.2:0.6:0.2,34,47.3
236,"Nicolas et al., 2020[57]",TRI-40%,"{CCCCCCCCC1OC1CCCCCCCC(=O)OCC(COC(=O)CCCCCCCC2OC2CCCCCCCC)OC(=O)CCCCCCCC3OC3CC4OC4CCCCC, c5cc(C(c2ccc(OCC1CO1)cc2)c4ccc(OCC3CO3)cc4)ccc5OCC6CO6, O=C(O)CCCC(=O)O}",0.214:0.571:0.214,59,36.2
237,"Nicolas et al., 2020[57]",TRI-20%,"{CCCCCCCCC1OC1CCCCCCCC(=O)OCC(COC(=O)CCCCCCCC2OC2CCCCCCCC)OC(=O)CCCCCCCC3OC3CC4OC4CCCCC, c5cc(C(c2ccc(OCC1CO1)cc2)c4ccc(OCC3CO3)cc4)ccc5OCC6CO6, O=C(O)CCCC(=O)O}",0.4:0.2:0.4,102,17.6
238,"Ning et al., 2021[58]",1,"{ C=CCc1ccccc1OCC(O)COC(=O)CCCCC(=O)OCC(O)COc2ccccc2CC=C,O=c1ccc(=O)n1c4ccc(Cc3ccc(n2c(=O)ccc2=O)cc3)cc4 }",0.5:0.5,118.8,27.32
239,"Ning et al., 2021[58]",2,"{ C=CCc1ccccc1OCC(O)COC(=O)Cc3ccc(C(=O)OCC(O)COc2ccccc2CC=C)cc3,O=c1ccc(=O)n1c4ccc(Cc3ccc(n2c(=O)ccc2=O)cc3)cc4 }",0.5:0.5,127.3,37.46
240,"Yan et al., 2020 [59]",Epon862+MDS,"{ c2cc(OCC1CO1)ccc2Cc4ccc(OCC3CO3)cc4, Nc2ccc(SSc1ccc(N)cc1)cc2}",0.5874 : 0.4126,170,14.54
241,"Yan et al., 2020 [59]",Epon862 +Lupal FG+MDS,"{ c2cc(OCC1CO1)ccc2Cc4ccc(OCC3CO3)cc4,NCCNCCN(CCNCCC(CN)CCN)CCN(CCNCCN)CCN(CCN)CCN, Nc2ccc(SSc1ccc(N)cc1)cc2}",0.6445 : 0.0393 : 0.3162,160,21.25
242,"Yan et al., 2020 [59]",Epon862 +Lupal FG+MDS,"{ c2cc(OCC1CO1)ccc2Cc4ccc(OCC3CO3)cc4,NCCNCCN(CCNCCC(CN)CCN)CCN(CCNCCN)CCN(CCN)CCN, Nc2ccc(SSc1ccc(N)cc1)cc2}",0.6886 : 0.0695 : 0.2418,155,21.85
243,"Yan et al., 2020 [59]",Epon862 +Lupal FG+MDS,"{ c2cc(OCC1CO1)ccc2Cc4ccc(OCC3CO3)cc4,NCCNCCN(CCNCCC(CN)CCN)CCN(CCNCCN)CCN(CCN)CCN, Nc2ccc(SSc1ccc(N)cc1)cc2}",0.7402 : 0.1044 : 0.1554,145,28.35
244,"Yan et al., 2020 [59]",Epon862+Lupal FG,"{ c2cc(OCC1CO1)ccc2Cc4ccc(OCC3CO3)cc4,NCCNCCN(CCNCCC(CN)CCN)CCN(CCNCCN)CCN(CCN)CCN}",0.8319 : 0.1681,145,36.57
245,"Castro, 2010 [60]",DEGDMA:tBA,"{ C=C(C)C(=O)OCCOCCOCCOCCOCCOCCOCCOCCOC(=O)C(=C)C, C=CC(=O)OCCCC}",0.025:0.975,84.8,1.5
246,"Castro, 2010 [60]",DEGDMA:tBA,"{ C=C(C)C(=O)OCCOCCOCCOCCOCCOCCOCCOCCOC(=O)C(=C)C, C=CC(=O)OCCCC}",0.055 : 0.945,76.35,5.62
247,"Castro, 2010 [60]",DEGDMA:tBA,"{ C=C(C)C(=O)OCCOCCOCCOCCOCCOCCOCCOCCOC(=O)C(=C)C, C=CC(=O)OCCCC}",0.134:0.866,72.09,11.51
248,"Castro, 2010 [60]",PEGDMA:tBA,"{ C=C(C)C(=O)OCCOCCOCCOCCOCCOCCOCCOCCOCCOCCOCCOCCOCCOCCOCCOCCOCCOC(=O)C(C)=O, C=CC(=O)OCCCC}",0.016:0.984  ,84.8,2.42
249,"Castro, 2010 [60]",PEGDMA:tBA,"{ C=C(C)C(=O)OCCOCCOCCOCCOCCOCCOCCOCCOCCOCCOCCOCCOCCOCCOCCOCCOCCOC(=O)C(C)=O, C=CC(=O)OCCCC}",0.035:0.965,76.35,5.55
250,"Castro, 2010 [60]",PEGDMA:tBA,"{ C=C(C)C(=O)OCCOCCOCCOCCOCCOCCOCCOCCOCCOCCOCCOCCOCCOCCOCCOCCOCCOC(=O)C(C)=O, C=CC(=O)OCCCC}",0.089:0.911,72.09,11.54
