No,Reference,SMPname,Smiles,Molar ratio,Tg,High Temp
1,"Liu et al, 2006[6]", P(MMA-co-VP)/PEG,"{C=C(C)C(=O)OCCCC, C=CN1CCCC1=O, C=C(C)C(=O)OCCOC(=O)C(C)C}",0.34:0.21:0.45,72,92
2,"Xiao et al, 2015[7]",Polymide,"{CC(C)(c3ccc(Oc2ccc1c(=O)oc(=O)c1c2)cc3)c6ccc(Oc5ccc4c(=O)oc(=O)c4c5)cc6, Nc2ccc(Oc1ccc(N)cc1)cc2}",0.5:0.5,238,258
3,"Choong et al , 2016[11]",tba-DEGDA(60-40),"{C=C(C)C(=O)OCCCC, C=CC(=O)OCCOCCOC(=O)C=C}",0.71:0.29,69.5,69.06
4,"Nair et al., 2010[12]",TMPTMP/TATATO,"{CCC(COC(=O)CCS)(COC(=O)CCS)COC(=O)CCS, C=CCn1c(=C)n(CC=C)c(=O)n(CC=C)c1=O}",0.5:0.5,36,39.2
5,"Arrietta et al , 2013[14]",Acrylate Polymer,"{C=C(C)C(=O)OCC1CCCCC1, C=C(C)C(=O)OCCOC(=O)C(=C)C}",0.9:0.1,46,67.61
6,"Zheng et al, 2015 [16]",EPON1,"{CC(C)(c4ccc(OCC(O)COc3ccc(C(C)(C)c2ccc(OCC1CO1)cc2)cc3)cc4)c6ccc(OCC5CO5)cc6, CC(N)COCC(C)N}",0.5:0.5,40,63.49
7,"Jo et al, 2019 [17]",ESMP-0-21,"{CC(C)(c2ccc(OCC1CC1)cc2)c4ccc(OCC3CO3)cc4, CNc2ccc(Cc1ccc(NC)cc1)cc2}",0.73:0.27,140,180
8,"Jo et al, 2019 [17]",ESMP-0-19,"{CC(C)(c2ccc(OCC1CC1)cc2)c4ccc(OCC3CO3)cc4, CNc2ccc(Cc1ccc(NC)cc1)cc2}",0.75:0.25,125.9,135.9
9,"Choong et al , 2016[19]",tba-DEGDA(90-10),"{C=C(C)C(=O)OCCCC, C=CC(=O)OCCOCCOC(=O)C=C}",0.94:0.06,53.9,56.08
10,"Choong et al , 2016[19]",tba-DEGDA(50-50),"{C=C(C)C(=O)OCCCC, C=CC(=O)OCCOCCOC(=O)C=C}",0.63:0.37,74.1,78.19
11,"Lakhera et al, 2012 [20]",tba-co-XLS(10%),"{C=C(C)C(=C)OCOCCOC(=O)C(=C)C, C=C(C)C(=O)OCCOCCOCCOCCOCCOCCOCCOCCOCCOC(=O)C(=C)C, C=CC(=O)OC(C)(C)C}",0.96:0.03:0.01,53.31,55.77
12,"Ortega et al, 2012[21]",tba-co-PEGDMA(10%),"{C=C(C)C(=O)OCCCC, CC(=O)OCCOCCOCCOCCOCCOCCOCCOCCOCCOCCOC(=O)C(C)=O, C=C(C)C(=O)OCCOCCOCCOCCOCCOC(=O)C(C)=O}",0.964:0.02:0.016,56,66
13,"Zheng et al, 2015 [16]",EPON4,"{CC(C)(c4ccc(OCC(O)COc3ccc(C(C)(C)c2ccc(OCC1CO1)cc2)cc3)cc4)c6ccc(OCC5CO5)cc6, CC(N)COCC(C)N}",0.67:0.33,80,89.86
14,"Santiago et al, 2016[22]",90-10-FG,"{CC(C)(c4ccc(OCC(O)COc3ccc(C(C)(C)c2ccc(OCC1CO1)cc2)cc3)cc4)c6ccc(OCC5CO5)cc6, CC(N)COCC(C)N, CCNCCN(CCN)CCNCCN(CCNCCN(CC)CCN)CCN(CCNCC)CCN(CC)CCN}",0.81:0.19:0,60,100
15,"Santiago et al, 2016[22]",80-20-FG,"{CC(C)(c4ccc(OCC(O)COc3ccc(C(C)(C)c2ccc(OCC1CO1)cc2)cc3)cc4)c6ccc(OCC5CO5)cc6, CC(N)COCC(C)N, CCNCCN(CCN)CCNCCN(CCNCCN(CC)CCN)CCN(CCNCC)CCN(CC)CCN}",0.83:0.16:0.01,68,108
16,"Santiago et al, 2016[22]",50-50-FG,"{CC(C)(c4ccc(OCC(O)COc3ccc(C(C)(C)c2ccc(OCC1CO1)cc2)cc3)cc4)c6ccc(OCC5CO5)cc6, CC(N)COCC(C)N, CCNCCN(CCN)CCNCCN(CCNCCN(CC)CCN)CCN(CCNCC)CCN(CC)CCN}",0.88:0.1:0.02,96,136
17,"Santiago et al, 2016[22]",30-70-FG,"{CC(C)(c4ccc(OCC(O)COc3ccc(C(C)(C)c2ccc(OCC1CO1)cc2)cc3)cc4)c6ccc(OCC5CO5)cc6, CC(N)COCC(C)N, CCNCCN(CCN)CCNCCN(CCNCCN(CC)CCN)CCN(CCNCC)CCN(CC)CCN}",0.91:0.06:0.03,117,157
18,"Rimdusit et al, 2013[24]",ENDB1/1/1,"{CC(COc3ccc(C(C)(C)c2ccc(OCC1CO1)cc2)cc3)COc6ccc(C(C)(C)c5ccc(OCC4CO4)cc5)cc6, CC(C)(COCC1CO1)COCC2CO2, CC(N)COCC(C)N}",0.34:0.33:0.33,47,62.3
19,"Rimdusit et al, 2013[24]",ENDB1/1/0.8/0.2,"{CC(COc3ccc(C(C)(C)c2ccc(OCC1CO1)cc2)cc3)COc6ccc(C(C)(C)c5ccc(OCC4CO4)cc5)cc6, CC(C)(COCC1CO1)COCC2CO2, CC(N)COCC(C)N, CC(C)(c3ccc(C2COCN(c1ccccc1)C2)cc3)c6ccc5CCN(c4ccccc4)Cc5c6}",0.33:0.33:0.27:0.07,72,71.15
20,"Rimdusit et al, 2013[24]",ENDB1/1/0.6/0.4,"{CC(COc3ccc(C(C)(C)c2ccc(OCC1CO1)cc2)cc3)COc6ccc(C(C)(C)c5ccc(OCC4CO4)cc5)cc6, CC(C)(COCC1CO1)COCC2CO2, CC(N)COCC(C)N, CC(C)(c3ccc(C2COCN(c1ccccc1)C2)cc3)c6ccc5CCN(c4ccccc4)Cc5c6}",0.33:0.33:0.21:0.13,80,121.947
21,"Rimdusit et al, 2013[24]",ENDB1/1/0.2/0.8,"{CC(COc3ccc(C(C)(C)c2ccc(OCC1CO1)cc2)cc3)COc6ccc(C(C)(C)c5ccc(OCC4CO4)cc5)cc6, CC(C)(COCC1CO1)COCC2CO2, CC(N)COCC(C)N, CC(C)(c3ccc(C2COCN(c1ccccc1)C2)cc3)c6ccc5CCN(c4ccccc4)Cc5c6}",0.33:0.33:0.07:0.27,92,135.32
22,"Rimdusit et al, 2013[24]",ENDB1/1/0.4/0.6,"{CC(COc3ccc(C(C)(C)c2ccc(OCC1CO1)cc2)cc3)COc6ccc(C(C)(C)c5ccc(OCC4CO4)cc5)cc6, CC(C)(COCC1CO1)COCC2CO2, CC(N)COCC(C)N, CC(C)(c3ccc(C2COCN(c1ccccc1)C2)cc3)c6ccc5CCN(c4ccccc4)Cc5c6}",0.33:0.33:0.13:0.21,85,126.71
23,"Cheng et al , 2020[25]",DER-NMA-0.1TEOA,"{CC(C)(c2ccc(OCC1CO1)cc2)c4ccc(OCC3CO3)cc4,  CC2=CC(C)(C)C1C(=O)OC(=O)C1C2C, OCCN(CCO)CCO}",0.476:0.476:0.048,134.09,135.97
24,"Chen et al, 2018[28]",EVC1S9,"{CC(C)(c2ccc(OCC1CC1)cc2)c4ccc(OCC3CO3)cc4, O=C(O)CCCCCCCCC(=O)O, O=C(O)C1CCC(C(=O)O)CC1}",0.5:0.45:0.05,36.2,24.59
25,"Chen et al, 2018[28]",EVC2S8,"{CC(C)(c2ccc(OCC1CC1)cc2)c4ccc(OCC3CO3)cc4, O=C(O)CCCCCCCCC(=O)O, O=C(O)C1CCC(C(=O)O)CC1}",0.5:0.4:0.1,40.9,30.22
26,"Jo et al, 2018 [29]",D230-0-1,"{CC(C)(c4ccc(OCC(O)COc3ccc(C(C)(C)c2ccc(OCC1CO1)cc2)cc3)cc4)c6ccc(OCC5CO5)cc6, Nc2ccc(Cc1ccc(N)cc1)cc2}",0.758:0.242,104.5,106.23
27,"Jo et al, 2018 [29]",D230-0-2,"{CC(C)(c4ccc(OCC(O)COc3ccc(C(C)(C)c2ccc(OCC1CO1)cc2)cc3)cc4)c6ccc(OCC5CO5)cc6, Nc2ccc(Cc1ccc(N)cc1)cc2}",0.735:0.265,125.9,135.9
28,"Jo et al, 2018 [29]",D230-9,"{CC(C)(c4ccc(OCC(O)COc3ccc(C(C)(C)c2ccc(OCC1CO1)cc2)cc3)cc4)c6ccc(OCC5CO5)cc6, Nc2ccc(Cc1ccc(N)cc1)cc2, CC(N)COCC(C)N }",0.71:0.23:0.06,133.1,132.02
29,"Jo et al, 2018 [29]",D230-20,"{CC(C)(c4ccc(OCC(O)COc3ccc(C(C)(C)c2ccc(OCC1CO1)cc2)cc3)cc4)c6ccc(OCC5CO5)cc6, Nc2ccc(Cc1ccc(N)cc1)cc2, CC(N)COCC(C)N }",0.66:0.21:0.13,155.9,157.26
30,"Jo et al, 2018 [29]",D400-3,"{CC(C)(c4ccc(OCC(O)COc3ccc(C(C)(C)c2ccc(OCC1CO1)cc2)cc3)cc4)c6ccc(OCC5CO5)cc6, Nc2ccc(Cc1ccc(N)cc1)cc2, CC(N)COCC(C)N }",0.74:0.24:0.02,112,114.63
31,"Jo et al, 2018 [29]",D400-8,"{CC(C)(c4ccc(OCC(O)COc3ccc(C(C)(C)c2ccc(OCC1CO1)cc2)cc3)cc4)c6ccc(OCC5CO5)cc6, Nc2ccc(Cc1ccc(N)cc1)cc2, CC(N)COCC(C)N }",0.71:0.23:0.06,118.6,126.75
32,"Jo et al, 2018 [29]",D400-14,"{CC(C)(c4ccc(OCC(O)COc3ccc(C(C)(C)c2ccc(OCC1CO1)cc2)cc3)cc4)c6ccc(OCC5CO5)cc6, Nc2ccc(Cc1ccc(N)cc1)cc2, CC(N)COCC(C)N }",0.68:0.22:0.1,128.4,135.32
33,"Xie et al, 2009[30]",Ref,"{CC(C)(c2ccc(OCC1CO1)cc2)c4ccc(OCC3CO3)cc4, CC(N)COCC(C)OCC(C)OCC(C)N }",0.67:0.33,93.4,99.99
34,"Santiago et al, 2016[22]",60-40-FG,"{CC(C)(c4ccc(OCC(O)COc3ccc(C(C)(C)c2ccc(OCC1CO1)cc2)cc3)cc4)c6ccc(OCC5CO5)cc6, CC(N)COCC(C)N, CCNCCN(CCN)CCNCCN(CCNCCN(CC)CCN)CCN(CCNCC)CCN(CC)CCN}",0.86:0.12:0.02,68,108
35,"Xu et al, 2009[33]",HYPU0-1,"{CCO[Si](CCCN(CCOC(=O)CCO)CCOC(=O)CCO)(OCC)OCC, CC1(C)CC(N=C=O)CC(C)(N=C=O)C1}",0.5:0.5,57,82
36,"Xu et al, 2009[33]",HYPU1-4,"{CCO[Si](CCCN(CCOC(=O)CCO)CCOC(=O)CCO)(OCC)OCC, CC1(C)CC(N=C=O)CC(C)(N=C=O)C1, OCCOCCOCCOCCOCCOCCOCCOCCOCCOCCO}",0.165:0.165:0.67,50.5,75.5
37,"Xu et al, 2009[33]",HYPU1-2,"{CCO[Si](CCCN(CCOC(=O)CCO)CCOC(=O)CCO)(OCC)OCC, CC1(C)CC(N=C=O)CC(C)(N=C=O)C1, OCCOCCOCCOCCOCCOCCOCCOCCOCCOCCO}",0.25:0.25:0.5,47.5,72.5
38,"Xu et al, 2009[33]",HYPU1-1,"{CCO[Si](CCCN(CCOC(=O)CCO)CCOC(=O)CCO)(OCC)OCC, CC1(C)CC(N=C=O)CC(C)(N=C=O)C1, OCCOCCOCCOCCOCCOCCOCCOCCOCCOCCO}",0.34:0.33:0.33,35.9,60.9
39,"Nair et al., 2010[12]",tba/PEGDMA,"{C=C(C)C(=O)OCCCC, C=C(C)C(=O)OCCOC(=O)C(=C)C}",0.5:0.5,35,41.05
40,"Grishchuck et al., 2011 [34]",EP(DETA)-Ref,"{CC(C)(c2ccc(OCC1CC1)cc2)c4ccc(OCC3CO3)cc4, NCCNCCN}",0.67:0.33,130,160
41,"Grishchuck et al., 2011 [34]",EP(DETA/DDM)-Ref,"{CC(C)(c2ccc(OCC1CC1)cc2)c4ccc(OCC3CO3)cc4, NCCNCCN, Nc2ccc(Cc1ccc(N)cc1)cc2}",0.67:0.165:0.165,155,185
42,"Grishchuck et al., 2011 [34]",EP(DDM)-Ref,"{CC(C)(c2ccc(OCC1CC1)cc2)c4ccc(OCC3CO3)cc4, Nc2ccc(Cc1ccc(N)cc1)cc2}",0.67:0.33,174,204
43,"Grishchuck et al., 2011 [34]",EP(DETA)/BOX 75/25,"{CC(C)(c2ccc(OCC1CC1)cc2)c4ccc(OCC3CO3)cc4, NCCNCCN}",0.75:0.25,134,164
44,"Grishchuck et al., 2011 [34]",EP(DDM)/BOX 75/25,"{CC(C)(c2ccc(OCC1CC1)cc2)c4ccc(OCC3CO3)cc4, Nc2ccc(Cc1ccc(N)cc1)cc2}",0.75:0.25,164,194
45,"Grishchuck et al., 2012 [35]",DGEBA/BOX(75/25),"{CC(C)(c2ccc(OCC1CO1)cc2)c4ccc(OCC3CO3)cc4, NCCNCCN }",0.75:0.25,164,194
46,"Grishchuck et al., 2012 [35]",DGEBA/BOX(50/50),"{CC(C)(c2ccc(OCC1CO1)cc2)c4ccc(OCC3CO3)cc4, NCCNCCN}",0.5:0.5,173,203
47,"Grishchuck et al., 2012 [35]",DGEBA/BOX/ETBN(67.5/22.5/10),"{CC(C)(c2ccc(OCC1CO1)cc2)c4ccc(OCC3CO3)cc4, Nc2ccc(Cc1ccc(N)cc1)cc2,CC(C/C=C\CC(=O)OCC(O)COc3ccc(C(C)(C)c2ccc(OCC1CO1)cc2)cc3)C(=O)OCC(O)COc6ccc(C(C)(C)c5ccc(OCC4CO4)cc5)cc6}",0.675:0.225:0.1,159,189
48,"Grishchuck et al., 2012 [35]",DGEBA/BOX/ETBN(45/45/10),"{CC(C)(c2ccc(OCC1CO1)cc2)c4ccc(OCC3CO3)cc4, NCCNCCN, CC(C)(c3ccc2OCN(c1ccccc1)Cc2c3)c6ccc5CN(c4ccccc4)COc5c6}",0.45:0.45:0.1,157,187
49,"Grishchuck et al., 2012 [35]",DGEBA/BOX/ETBN(42.5/42.5/10),"{CC(C)(c2ccc(OCC1CO1)cc2)c4ccc(OCC3CO3)cc4, Nc2ccc(Cc1ccc(N)cc1)cc2, CC(C)(c3ccc2OCN(c1ccccc1)Cc2c3)c6ccc5CN(c4ccccc4)COc5c6}",0.425:0.425:0.15,150,180
50,"Grishchuck et al., 2012 [35]",DGEBA/BOX/ETBN(40/40/20),"{CC(C)(c2ccc(OCC1CO1)cc2)c4ccc(OCC3CO3)cc4, CC(C)(c3ccc2OCN(c1ccccc1)Cc2c3)c6ccc5OCN(c4ccccc4)Cc5c6,CC(C/C=C\CC(=O)OCC(O)COc3ccc(C(C)(C)c2ccc(OCC1CO1)cc2)cc3)C(=O)OCC(O)COc6ccc(C(C)(C)c5ccc(OCC4CO4)cc5)cc6}",0.4:0.4:0.2,147,177
51,"Grishchuck et al., 2012 [35]",DGEBA/BOX(25/75),"{CC(C)(c2ccc(OCC1CO1)cc2)c4ccc(OCC3CO3)cc4, CC(C)(c3ccc2OCN(c1ccccc1)Cc2c3)c6ccc5OCN(c4ccccc4)Cc5c6}",0.25:0.75,183,213
52,"Grishchuck et al., 2012 [35]",DGEBA/BOX/ETBN(22.5/67.5/10),"{CC(C)(c2ccc(OCC1CO1)cc2)c4ccc(OCC3CO3)cc4, CC(C)(c3ccc2OCN(c1ccccc1)Cc2c3)c6ccc5OCN(c4ccccc4)Cc5c6,CC(C/C=C\CC(=O)OCC(O)COc3ccc(C(C)(C)c2ccc(OCC1CO1)cc2)cc3)C(=O)OCC(O)COc6ccc(C(C)(C)c5ccc(OCC4CO4)cc5)cc6}",0.225:0.675:0.1,173,203
53,"Grishchuck et al., 2012 [35]",TGPAP/BOX(50/50),"{c3cc(N(CC1CO1)CC2CO2)ccc3OCC4CO4, CC(C)(c3ccc2OCN(c1ccccc1)Cc2c3)c6ccc5OCN(c4ccccc4)Cc5c6}",0.5:0.5,191,221
54,"Grishchuck et al., 2012 [35]",TGPAP/BOX/ETBN(45/45/10),"{c3cc(N(CC1CO1)CC2CO2)ccc3OCC4CO4,CC(C)(c3ccc2OCN(c1ccccc1)Cc2c3)c6ccc5OCN(c4ccccc4)Cc5c6,CC(C/C=C\CC(=O)OCC(O)COc3ccc(C(C)(C)c2ccc(OCC1CO1)cc2)cc3)C(=O)OCC(O)COc6ccc(C(C)(C)c5ccc(OCC4CO4)cc5)cc6}",0.45:0.45:0.1,185,215
55,"Grishchuck et al., 2012 [35]",TGDDM/BOX(50/50),"{CC(C)(c2ccc(OCC1CO1)cc2)c4ccc(OCC3CO3)cc4, CC(C)(c3ccc2OCN(c1ccccc1)Cc2c3)c6ccc5OCN(c4ccccc4)Cc5c6}",0.5:0.5,206,236
56,"Grishchuck et al., 2012 [35]",TGDDM/BOX/ETBN(45/45/10),"{CC(C)(c2ccc(OCC1CO1)cc2)c4ccc(OCC3CO3)cc4, CC(C)(c3ccc2OCN(c1ccccc1)Cc2c3)c6ccc5OCN(c4ccccc4)Cc5c6, CC(C/C=C\CC(=O)OCC(O)COc3ccc(C(C)(C)c2ccc(OCC1CO1)cc2)cc3)C(=O)OCC(O)COc6ccc(C(C)(C)c5ccc(OCC4CO4)cc5)cc6}",0.45:0.45:0.1,189,219
57,"Xiao et al, 2015[7]",Polymide(A1),"{CC(C)(c3ccc(Oc2ccc1c(=O)oc(=O)c1c2)cc3)c6ccc(Oc5ccc4c(=O)oc(=O)c4c5)cc6, Nc2ccc(Oc1ccc(N)cc1)cc2}",0.504:0.496,240,260
58,"Xiao et al, 2015[7]",Polymide(A2),"{CC(C)(c3ccc(Oc2ccc1c(=O)oc(=O)c1c2)cc3)c6ccc(Oc5ccc4c(=O)oc(=O)c4c5)cc6, Nc2ccc(Oc1ccc(N)cc1)cc2}",0.512:0.488,241,261
59,"Xiao et al, 2015[7]",Polymide(A3),"{CC(C)(c3ccc(Oc2ccc1c(=O)oc(=O)c1c2)cc3)c6ccc(Oc5ccc4c(=O)oc(=O)c4c5)cc6, Nc2ccc(Oc1ccc(N)cc1)cc2}",0.519:0.481,243,263
60,"Xiao et al, 2015[7]",Polymide(A4),"{CC(C)(c3ccc(Oc2ccc1c(=O)oc(=O)c1c2)cc3)c6ccc(Oc5ccc4c(=O)oc(=O)c4c5)cc6, Nc2ccc(Oc1ccc(N)cc1)cc2}",0.524:0.476,242,262
61,"Jo et al, 2019 [17]",ESMP-10-21,"{CC(C)(c2ccc(OCC1CC1)cc2)c4ccc(OCC3CO3)cc4, CC(C)(c2ccc(OCCOCCOCCOCC1CO1)cc2)c4ccc(OCCOCCOCCOCC3CO3)cc4, CNc2ccc(Cc1ccc(NC)cc1)cc2}",0.71:0.04:0.25,135.8,175.8
62,"Jo et al, 2019 [17]",ESMP-20-21,"{CC(C)(c2ccc(OCC1CC1)cc2)c4ccc(OCC3CO3)cc4, CC(C)(c2ccc(OCCOCCOCCOCC1CO1)cc2)c4ccc(OCCOCCOCCOCC3CO3)cc4, CNc2ccc(Cc1ccc(NC)cc1)cc2}",0.66:0.08:0.26,126.8,166.8
63,"Jo et al, 2019 [17]",ESMP-30-21,"{CC(C)(c2ccc(OCC1CC1)cc2)c4ccc(OCC3CO3)cc4, CC(C)(c2ccc(OCCOCCOCCOCC1CO1)cc2)c4ccc(OCCOCCOCCOCC3CO3)cc4, CNc2ccc(Cc1ccc(NC)cc1)cc2}",0.6:0.13:0.27,121.2,161.2
64,"Sunitha et al, 2013 [36]",,"{CC(C)(c2ccc(OCC1CO1)cc2)c4ccc(OCC3CO3)cc4, C#CCCc1ccccc1Cc4cccc(Cc3cccc(Cc2ccccc2CC#C)c3O)c4CCC#C}",0.5:0.5,79,71.67
65,"Leonardi et al, 2011 [37]",,"{CC(C)(c2ccc(OCC1CC1)cc2)c4ccc(OCC3CO3)cc4, CCCCCCCCCCCN, NCc1cccc(CN)c1}",0.55:0.36:0.09,48.36,50.58
66,"Ariraman et al, 2015[38]",DGEBA/30 wt% BCC,"{N#COc3ccc(CC2CCCC(Cc1ccc(OC#N)cc1)C2)cc3,CC(C)(c2ccc(OCC1CO1)cc2)c4ccc(OCC3CO3)cc4 }",0.7:0.3,110,117.97
67,"Ariraman et al, 2015[38]",DGEBA/40 wt% BCC,"{N#COc3ccc(CC2CCCC(Cc1ccc(OC#N)cc1)C2)cc3,CC(C)(c2ccc(OCC1CO1)cc2)c4ccc(OCC3CO3)cc4 }",0.6:0.4,135,136.68
68,"Ariraman et al, 2015[38]",DGEBA/50 wt% BCC,"{N#COc3ccc(CC2CCCC(Cc1ccc(OC#N)cc1)C2)cc3,CC(C)(c2ccc(OCC1CO1)cc2)c4ccc(OCC3CO3)cc4 }",0.5:0.5,145,146.96
69,"Feldkamp & Rousseau, 2011 [39]",E-148,"{CC(C)(c2ccc(OCC1CO1)cc2)c4ccc(OCC3CO3)cc4, NCCOCCOCCN}",0.67:0.33,102,127
70,"Feldkamp & Rousseau, 2011 [39]",E-176,"{CC(C)(c2ccc(OCC1CO1)cc2)c4ccc(OCC3CO3)cc4, NCCCOCCOCCCN}",0.667:0.333,96,122
71,"Feldkamp & Rousseau, 2011 [39]",E-230,"{CC(C)(c2ccc(OCC1CO1)cc2)c4ccc(OCC3CO3)cc4, CC(N)COCC(C)OCC(C)OCC(C)N}",0.676:0.324,95,125
72,"Feldkamp & Rousseau, 2011 [39]",E-230(a),"{CC(C)(c2ccc(OCC1CO1)cc2)c4ccc(OCC3CO3)cc4, CC(N)COCC(C)OCC(C)OCC(C)N}",0.6774:0.3226,93,125
73,"Feldkamp & Rousseau, 2011 [39]",E-230(b),"{CC(C)(c2ccc(OCC1CO1)cc2)c4ccc(OCC3CO3)cc4, CC(N)COCC(C)OCC(C)OCC(C)N}",0.6875:0.3125,88,120
74,"Feldkamp & Rousseau, 2011 [39]",E-230(c),"{CC(C)(c2ccc(OCC1CO1)cc2)c4ccc(OCC3CO3)cc4, CC(N)COCC(C)OCC(C)OCC(C)N}",0.7127:0.2873,76,115
75,"Feldkamp & Rousseau, 2011 [39]",E-230(07)nDA,"{CC(C)(c2ccc(OCC1CO1)cc2)c4ccc(OCC3CO3)cc4, CC(N)COCC(C)OCC(C)OCC(C)N, CCCCCCCCCN}",0.612:0.235:0.153,83,115
76,"Feldkamp & Rousseau, 2011 [39]",E-230(17)nDA,"{CC(C)(c2ccc(OCC1CO1)cc2)c4ccc(OCC3CO3)cc4, CC(N)COCC(C)OCC(C)OCC(C)N, CCCCCCCCCN}",0.58:0.157:0.263,73,108
77,"Feldkamp & Rousseau, 2011 [39]",E-230(60)nDA,"{CC(C)(c2ccc(OCC1CO1)cc2)c4ccc(OCC3CO3)cc4, CC(N)COCC(C)OCC(C)OCC(C)N, CCCCCCCCCN}",0.533:0.067:0.4,58,94
78,"Feldkamp & Rousseau, 2011 [39]",E-230(17)tDA,"{CC(C)(c2ccc(OCC1CO1)cc2)c4ccc(OCC3CO3)cc4, CC(N)COCC(C)OCC(C)OCC(C)N, CC(C)(C)N}",0.578:0.158:0.264,87,124
79,"Feldkamp & Rousseau, 2011 [39]",E-230(17)nBA,"{CC(C)(c2ccc(OCC1CO1)cc2)c4ccc(OCC3CO3)cc4, CC(N)COCC(C)OCC(C)OCC(C)N, CC(C)(C)N}",0.578:0.158:0.264,81,118
80,"Feldkamp & Rousseau, 2011 [39]",E-230(17)nHA,"{CC(C)(c2ccc(OCC1CO1)cc2)c4ccc(OCC3CO3)cc4, CC(N)COCC(C)OCC(C)OCC(C)N, CCCCCCCCCCCCCCCN}",0.63:0.14:0.23,62,103
81,"Feldkamp & Rousseau, 2011 [39]",D-148(10)230,"{CC(C)(c2ccc(OCC1CO1)cc2)c4ccc(OCC3CO3)cc4, NCCOCCOCCN, CC(N)COCC(C)OCC(C)OCC(C)N}",0.655:0.031:0.314,97,127
82,"Feldkamp & Rousseau, 2011 [39]",D-148(1)400,"{CC(C)(c2ccc(OCC1CO1)cc2)c4ccc(OCC3CO3)cc4, NCCOCCOCCN, CC(N)COCC(C)OCC(C)OCC(C)OCC(C)OCC(C)OCC(C)N}",0.655:0.157:0.188,72,101
83,"Feldkamp & Rousseau, 2011 [39]",D-148(002)230,"{CC(C)(c2ccc(OCC1CO1)cc2)c4ccc(OCC3CO3)cc4, NCCOCCOCCN, CC(N)COCC(C)OCC(C)OCC(C)N}",0.655:0.338:0.007,102,129
84,"Feldkamp & Rousseau, 2011 [39]",D-148(002)400,"{CC(C)(c2ccc(OCC1CO1)cc2)c4ccc(OCC3CO3)cc4, NCCOCCOCCN, CC(N)COCC(C)OCC(C)OCC(C)OCC(C)OCC(C)OCC(C)N}",0.655:0.338:0.007,101,127
85,"Feldkamp & Rousseau, 2011 [39]",D-148(002)2000,"{CC(C)(c2ccc(OCC1CO1)cc2)c4ccc(OCC3CO3)cc4, NCCOCCOCCN, CC(N)COCC(C)OCC(C)OCC(C)OCC(C)OCC(C)OCC(C)N}",0.655:0.338:0.007,96,122
86,"Feldkamp & Rousseau, 2011 [39]",D-403(1)403,"{CC(C)(c2ccc(OCC1CO1)cc2)c4ccc(OCC3CO3)cc4, CCC(COCC(C)OCC(C)N)(COCC(C)OCC(C)N)COCC(C)OCC(C)N}",0.7403:0.2597,81,144
87,"Feldkamp & Rousseau, 2011 [39]",E-148(1)900,"{CC(C)(c2ccc(OCC1CO1)cc2)c4ccc(OCC3CO3)cc4, CCC(COCC(C)OCC(C)N)(COCC(C)OCC(C)N)COCC(C)OCC(C)N, CC(N)COCC(C)OCC(C)OCC(C)OCCOCCOCCOCCOCCOCCOCCOCCOCCOCCOCCOCCOCC(C)OCC(C)OCC(C)N}",0.667:0.165:0.168,37,72
88,"Feldkamp & Rousseau, 2011 [39]",E-148(05)900,"{CC(C)(c2ccc(OCC1CO1)cc2)c4ccc(OCC3CO3)cc4, CCC(COCC(C)OCC(C)N)(COCC(C)OCC(C)N)COCC(C)OCC(C)N, CC(N)COCC(C)OCC(C)OCC(C)OCCOCCOCCOCCOCCOCCOCCOCCOCCOCCOCCOCCOCC(C)OCC(C)OCC(C)N}",0.669:0.222:0.109,54,90
89,"Feldkamp & Rousseau, 2011 [39]",E-148(03)900,"{CC(C)(c2ccc(OCC1CO1)cc2)c4ccc(OCC3CO3)cc4, CCC(COCC(C)OCC(C)N)(COCC(C)OCC(C)N)COCC(C)OCC(C)N, CC(N)COCC(C)OCC(C)OCC(C)OCCOCCOCCOCCOCCOCCOCCOCCOCCOCCOCCOCCOCC(C)OCC(C)OCC(C)N}",0.6666:0.2488:0.0846,62,96
90,"Feldkamp & Rousseau, 2011 [39]",E-148(02)900,"{CC(C)(c2ccc(OCC1CO1)cc2)c4ccc(OCC3CO3)cc4, CCC(COCC(C)OCC(C)N)(COCC(C)OCC(C)N)COCC(C)OCC(C)N, CC(N)COCC(C)OCC(C)OCC(C)OCCOCCOCCOCCOCCOCCOCCOCCOCCOCCOCCOCCOCC(C)OCC(C)OCC(C)N}",0.654:0.277:0.069,66,101
91,"Feldkamp & Rousseau, 2011 [39]",D-148(03)900,"{CC(C)(c2ccc(OCC1CO1)cc2)c4ccc(OCC3CO3)cc4, CCC(COCC(C)OCC(C)N)(COCC(C)OCC(C)N)COCC(C)OCC(C)N, CC(N)COCC(C)OCC(C)OCC(C)OCCOCCOCCOCCOCCOCCOCCOCCOCCOCCOCCOCCOCC(C)OCC(C)OCC(C)N}",0.654:0.262:0.084,64,99
92,"Feldkamp & Rousseau, 2011 [39]",D-148(01)2003,"{CC(C)(c2ccc(OCC1CO1)cc2)c4ccc(OCC3CO3)cc4, CCC(COCC(C)OCC(C)N)(COCC(C)OCC(C)N)COCC(C)OCC(C)N, CC(N)COCC(C)OCC(C)OCC(C)OCC(C)OCC(C)OCC(C)OCCOCCOCCOCCOCCOCCOCCOCCOCCOCCOCCOCCOCCOCCOCCOCCOCCOCCOCCOCCOCCOCCOCCOCCOCCOCCOCCOCCOCC(C)OCC(C)OCC(C)OCC(C)OCC(C)N}",0.655:0.308:0.037,63,44
93,"Feldkamp & Rousseau, 2011 [39]",D-148(002)900,"{CC(C)(c2ccc(OCC1CO1)cc2)c4ccc(OCC3CO3)cc4, CCC(COCC(C)OCC(C)N)(COCC(C)OCC(C)N)COCC(C)OCC(C)N, CC(N)COCC(C)OCC(C)OCC(C)OCCOCCOCCOCCOCCOCCOCCOCCOCCOCCOCCOCCOCC(C)OCC(C)OCC(C)N}",0.655:0.338:0.007,99,89
94,"Feldkamp & Rousseau, 2011 [39]",D-148(002)2003,"{CC(C)(c2ccc(OCC1CO1)cc2)c4ccc(OCC3CO3)cc4, CCC(COCC(C)OCC(C)N)(COCC(C)OCC(C)N)COCC(C)OCC(C)N, CC(N)COCC(C)OCC(C)OCC(C)OCC(C)OCC(C)OCC(C)OCCOCCOCCOCCOCCOCCOCCOCCOCCOCCOCCOCCOCCOCCOCCOCCOCCOCCOCCOCCOCCOCCOCCOCCOCCOCCOCCOCCOCC(C)OCC(C)OCC(C)OCC(C)OCC(C)N}",0.655:0.338:0.007,93,80
95,"Feldkamp & Rousseau, 2011 [39]",D-148(04)M600,"{CC(C)(c2ccc(OCC1CO1)cc2)c4ccc(OCC3CO3)cc4, CCC(COCC(C)OCC(C)N)(COCC(C)OCC(C)N)COCC(C)OCC(C)N, COCCOCCOCCOCCOCCOCCOCCOCCOCCOCCOCCOCCN}",0.617:0.266:0.117,60,96
96,"Feldkamp & Rousseau, 2011 [39]",D-148(02)M1000,"{CC(C)(c2ccc(OCC1CO1)cc2)c4ccc(OCC3CO3)cc4, CCC(COCC(C)OCC(C)N)(COCC(C)OCC(C)N)COCC(C)OCC(C)N, COCCOCCOCCOCCOCCOCCOCCOCCOCCOCCOCCOCCOCCOCCOCCOCCOCCOCCOCCOCCOCC(C)N}",0.631:0.298:0.071,57,93
97,"Feldkamp & Rousseau, 2011 [39]",D-148(01)M2005,"{CC(C)(c2ccc(OCC1CO1)cc2)c4ccc(OCC3CO3)cc4, CCC(COCC(C)OCC(C)N)(COCC(C)OCC(C)N)COCC(C)OCC(C)N, COCCOCCOCCOCCOCCOCCOCCOCCOCCOCCOCCOCCOCCOCCOCCOCCOCCOCCOCCOCCOCCOCCOCCOCCOCCOCCOCCOCCOCCOCCOCCOCCOCCOCCOCCOCCOCCOCC(C)OCC(C)OCC(C)OCC(C)OCC(C)OCC(C)N}",0.644:0.318:0.038,98,126
98,"Feldkamp & Rousseau, 2011 [39]",D-148(01)M2070,"{CC(C)(c2ccc(OCC1CO1)cc2)c4ccc(OCC3CO3)cc4, CCC(COCC(C)OCC(C)N)(COCC(C)OCC(C)N)COCC(C)OCC(C)N, COCCOCCOCCOCCOCCOCCOCCOCCOCCOCCOCCOCCOCCOCCOCCOCCOCCOCCOCCOCCOCCOCCOCCOCCOCCOCCOCCOCCOCCOCCOCCOCCOCCOCC(C)OCC(C)OCC(C)OCC(C)OCC(C)OCC(C)OCC(C)OCC(C)OCC(C)OCC(C)N}",0.644:0.318:0.038,63,105
99,"Feldkamp & Rousseau, 2011 [39]",D-148(002)M600,"{CC(C)(c2ccc(OCC1CO1)cc2)c4ccc(OCC3CO3)cc4,  CCC(COCC(C)OCC(C)N)(COCC(C)OCC(C)N)COCC(C)OCC(C)N, COCCOCCOCCOCCOCCOCCOCCOCCOCCOCCOCCOCCN}",0.617:0.319:0.064,98,124
100,"Feldkamp & Rousseau, 2011 [39]",D-148(002)M1000,"{CC(C)(c2ccc(OCC1CO1)cc2)c4ccc(OCC3CO3)cc4, CCC(COCC(C)OCC(C)N)(COCC(C)OCC(C)N)COCC(C)OCC(C)N, COCCOCCOCCOCCOCCOCCOCCOCCOCCOCCOCCOCCOCCOCCOCCOCCOCCOCCOCCOCCOCC(C)N}",0.617:0.319:0.064,95,124
101,"Feldkamp & Rousseau, 2011 [39]",D-148(002)M2005,"{CC(C)(c2ccc(OCC1CO1)cc2)c4ccc(OCC3CO3)cc4, CCC(COCC(C)OCC(C)N)(COCC(C)OCC(C)N)COCC(C)OCC(C)N, COCCOCCOCCOCCOCCOCCOCCOCCOCCOCCOCCOCCOCCOCCOCCOCCOCCOCCOCCOCCOCCOCCOCCOCCOCCOCCOCCOCCOCCOCCOCCOCCOCCOCCOCCOCCOCCOCC(C)OCC(C)OCC(C)OCC(C)OCC(C)OCC(C)N}",0.617:0.319:0.064,99,127
102,"Feldkamp & Rousseau, 2011 [39]", D-148(002)M2070,"{CC(C)(c2ccc(OCC1CO1)cc2)c4ccc(OCC3CO3)cc4, CCC(COCC(C)OCC(C)N)(COCC(C)OCC(C)N)COCC(C)OCC(C)N, COCCOCCOCCOCCOCCOCCOCCOCCOCCOCCOCCOCCOCCOCCOCCOCCOCCOCCOCCOCCOCCOCCOCCOCCOCCOCCOCCOCCOCCOCCOCCOCCOCCOCC(C)OCC(C)OCC(C)OCC(C)OCC(C)OCC(C)OCC(C)OCC(C)OCC(C)OCC(C)N}",0.617:0.319:0.064,91,123
103,"Feldkamp & Rousseau, 2011 [39]",E-230(01)M2005,"{CC(C)(c2ccc(OCC1CO1)cc2)c4ccc(OCC3CO3)cc4, CC(N)COCC(C)OCC(C)OCC(C)N, COCCOCCOCCOCCOCCOCCOCCOCCOCCOCCOCCOCCOCCOCCOCCOCCOCCOCCOCCOCCOCCOCCOCCOCCOCCOCCOCCOCCOCCOCCOCCOCCOCCOCCOCCOCCOCCOCC(C)OCC(C)OCC(C)OCC(C)OCC(C)OCC(C)N}",0.655:0.305:0.04,79,115
104,"Feldkamp & Rousseau, 2010 [40]",E-900(1)148,"{CC(C)(c2ccc(OCC1CO1)cc2)c4ccc(OCC3CO3)cc4, CC(N)COCC(C)OCC(C)OCC(C)OCCOCCOCCOCCOCCOCCOCCOCCOCCOCCOCCOCCOCC(C)OCC(C)OCC(C)N, NCCOCCOCCN}",0.5:0.253:0.247,36.5,72.18
105,"Feldkamp & Rousseau, 2010 [40]", E-900(2)148,"{CC(C)(c2ccc(OCC1CO1)cc2)c4ccc(OCC3CO3)cc4, CC(N)COCC(C)OCC(C)OCC(C)OCCOCCOCCOCCOCCOCCOCCOCCOCCOCCOCCOCCOCC(C)OCC(C)OCC(C)N, NCCOCCOCCN}",0.5:0.197:0.303,53.99,89.55
106,"Feldkamp & Rousseau, 2010 [40]",E-900(3)148,"{CC(C)(c2ccc(OCC1CO1)cc2)c4ccc(OCC3CO3)cc4, CC(N)COCC(C)OCC(C)OCC(C)OCCOCCOCCOCCOCCOCCOCCOCCOCCOCCOCCOCCOCC(C)OCC(C)OCC(C)N, NCCOCCOCCN}",0.5:0.13:0.37,61.6,95.55
107,"Feldkamp & Rousseau, 2010 [40]",E-900(1)230,"{CC(C)(c2ccc(OCC1CO1)cc2)c4ccc(OCC3CO3)cc4, CC(N)COCC(C)OCC(C)OCC(C)OCCOCCOCCOCCOCCOCCOCCOCCOCCOCCOCCOCCOCC(C)OCC(C)OCC(C)N, CC(N)COCC(C)OCC(C)OCC(C)N}",0.5:0.248:0.252,38.93,76.59
108,"Feldkamp & Rousseau, 2010 [40]",E-900(2)230,"{CC(C)(c2ccc(OCC1CO1)cc2)c4ccc(OCC3CO3)cc4, CC(N)COCC(C)OCC(C)OCC(C)OCCOCCOCCOCCOCCOCCOCCOCCOCCOCCOCCOCCOCC(C)OCC(C)OCC(C)N, CC(N)COCC(C)OCC(C)OCC(C)N}",0.5:0.168:0.332,54.77,92.24
109,"Feldkamp & Rousseau, 2010 [40]",E-900(3)230,"{CC(C)(c2ccc(OCC1CO1)cc2)c4ccc(OCC3CO3)cc4, CC(N)COCC(C)OCC(C)OCC(C)OCCOCCOCCOCCOCCOCCOCCOCCOCCOCCOCCOCCOCC(C)OCC(C)OCC(C)N, CC(N)COCC(C)OCC(C)OCC(C)N}",0.5:0.12:0.38,63.41,98.59
110,"Feldkamp & Rousseau, 2010 [40]",E-900(4)230,"{CC(C)(c2ccc(OCC1CO1)cc2)c4ccc(OCC3CO3)cc4, CC(N)COCC(C)OCC(C)OCC(C)OCCOCCOCCOCCOCCOCCOCCOCCOCCOCCOCCOCCOCC(C)OCC(C)OCC(C)N, CC(N)COCC(C)OCC(C)OCC(C)N}",0.5:0.1:0.4,66.4,102.48
111,"Feldkamp & Rousseau, 2010 [40]",D-148(04)M600,"{CC(C)(c2ccc(OCC1CO1)cc2)c4ccc(OCC3CO3)cc4, NCCOCCOCCN, COCCOCCOCCOCCOCCOCCOCCOCCOCCOCCOCCOCCN}",0.5:0.346:0.154,60.39,96.29
112,"Feldkamp & Rousseau, 2010 [40]",D-148(02)M1000,"{CC(C)(c2ccc(OCC1CO1)cc2)c4ccc(OCC3CO3)cc4, NCCOCCOCCN, COCCOCCOCCOCCOCCOCCOCCOCCOCCOCCOCCOCCN}",0.5:0.402:0.098,57.07,93.18
113,"Feldkamp & Rousseau, 2010 [40]",D-148(01)M2070,"{CC(C)(c2ccc(OCC1CO1)cc2)c4ccc(OCC3CO3)cc4, NCCOCCOCCN, COCCOCCOCCOCCOCCOCCOCCOCCOCCOCCOCCOCCOCCOCCOCCOCCOCCOCCOCCOCCOCCOCCOCCOCCOCCOCCOCCOCCOCCOCCOCCOCCOCCOCC(C)OCC(C)OCC(C)OCC(C)OCC(C)OCC(C)OCC(C)OCC(C)OCC(C)OCC(C)N}",0.5:0.448:0.052,62.74,104.94
114,"Feldkamp & Rousseau, 2010 [40]",D-148(002)M1000,"{CC(C)(c2ccc(OCC1CO1)cc2)c4ccc(OCC3CO3)cc4, NCCOCCOCCN, COCCOCCOCCOCCOCCOCCOCCOCCOCCOCCOCCOCCOCCOCCOCCOCCOCCOCCOCCOCCOCC(C)N}",0.5:0.489:0.011,94.57,123.73
115,"Feldkamp & Rousseau, 2010 [40]",D-148(002)M2005,"{CC(C)(c2ccc(OCC1CO1)cc2)c4ccc(OCC3CO3)cc4, NCCOCCOCCN, COCCOCCOCCOCCOCCOCCOCCOCCOCCOCCOCCOCCOCCOCCOCCOCCOCCOCCOCCOCCOCCOCCOCCOCCOCCOCCOCCOCCOCCOCCOCCOCCOCCOCCOCCOCCOCCOCC(C)OCC(C)OCC(C)OCC(C)OCC(C)OCC(C)N}",0.5:0.489:0.011,98.56,126.53
116,"Feldkamp & Rousseau, 2010 [40]",D-148(002)M2070,"{CC(C)(c2ccc(OCC1CO1)cc2)c4ccc(OCC3CO3)cc4, NCCOCCOCCN, COCCOCCOCCOCCOCCOCCOCCOCCOCCOCCOCCOCCOCCOCCOCCOCCOCCOCCOCCOCCOCCOCCOCCOCCOCCOCCOCCOCCOCCOCCOCCOCCOCCOCC(C)OCC(C)OCC(C)OCC(C)OCC(C)OCC(C)OCC(C)OCC(C)OCC(C)OCC(C)N}",0.5:0.489:0.011,91.39,122.69
117,Altuna et al. 2016 [41],CS11,"{CC(C)(c2ccc(OCC1CO1)cc2)c4ccc(OCC3CO3)cc4, O=C(O)CC(O)(CC(=O)O)C(=O)O, O=C(O)CCCCCCCCC(=O)O}",0.524:0.238:0.238,53,74.57
118,Altuna et al. 2016 [41],S12,"{CC(C)(c2ccc(OCC1CO1)cc2)c4ccc(OCC3CO3)cc4, O=C(O)CCCCCCCCC(=O)O}",0.55:0.45,30,55.36
119,Altuna et al. 2016 [41],S15,"{CC(C)(c2ccc(OCC1CO1)cc2)c4ccc(OCC3CO3)cc4, O=C(O)CCCCCCCCC(=O)O}",0.6:0.4,51,66.2
120,Altuna et al. 2016 [41],S20,"{CC(C)(c2ccc(OCC1CO1)cc2)c4ccc(OCC3CO3)cc4, O=C(O)CCCCCCCCC(=O)O}",0.67:0.33,54,79.04
121,Altuna et al. 2016 [41],G15,"{CC(C)(c2ccc(OCC1CO1)cc2)c4ccc(OCC3CO3)cc4,O=C(O)CCCC(=O)O}",0.6:0.4,62,83.06
122,"Fan et al., 2013[42]",EPD230(0),"{CC(C)(c2ccc(OCCOCC1CO1)cc2)c4ccc(OCCOCC3CO3)cc4, O=C1OC(=O)C2CCCCC12}",0.68:0.32,83,91.98
123,"Fan et al., 2013[42]",EPD230(20),"{CC(C)(c2ccc(OCCOCC1CO1)cc2)c4ccc(OCCOCC3CO3)cc4, CC(N)COCC(C)OCC(C)OCC(C)N, CC1(C)CC(N)CC(C)(CN)C1}",0.678:0.053:0.269,76,83.54
124,"Fan et al., 2013[42]",EPD230(40),"{CC(C)(c2ccc(OCCOCC1CO1)cc2)c4ccc(OCCOCC3CO3)cc4, CC(N)COCC(C)OCC(C)OCC(C)N, CC1(C)CC(N)CC(C)(CN)C1}",0.674:0.112:0.214,69,79.29
125,"Fan et al., 2013[42]",EPD230(60),"{CC(C)(c2ccc(OCCOCC1CO1)cc2)c4ccc(OCCOCC3CO3)cc4, CC(N)COCC(C)OCC(C)OCC(C)N, CC1(C)CC(N)CC(C)(CN)C1}",0.67:0.179:0.151,63,67.93
126,"Fan et al., 2013[42]",EPD230(80),"{CC(C)(c2ccc(OCCOCC1CO1)cc2)c4ccc(OCCOCC3CO3)cc4, CC(N)COCC(C)OCC(C)OCC(C)N, CC1(C)CC(N)CC(C)(CN)C1}",0.665:0.254:0.081,53,62.41
127,"Fan et al., 2014[43]",EP06(0),"{CC(C)(c2ccc(OCCOCC1CO1)cc2)c4ccc(OCCOCC3CO3)cc4, O=C1OC(=O)C2CCCCC12}",0.33:0.67,95,97.42
128,"Fan et al., 2014[43]",EP06(25),"{CC(C)(c2ccc(OCCOCC1CO1)cc2)c4ccc(OCCOCC3CO3)cc4, CC(C)(c2ccc(OCCOCCOCCOC1CO1)cc2)c4ccc(OCCOCCOCCC3CO3)cc4, O=C1OC(=O)C2CCCCC12}",0.264:0.063:0.673,80.5,84.79
129,"Fan et al., 2014[43]",EP06(50),"{CC(C)(c2ccc(OCCOCC1CO1)cc2)c4ccc(OCCOCC3CO3)cc4, CC(C)(c2ccc(OCCOCCOCCOC1CO1)cc2)c4ccc(OCCOCCOCCC3CO3)cc4, O=C1OC(=O)C2CCCCC12}",0.19:0.14:0.67,66.9,72.96
130,"Fan et al., 2014[43]",EP06(75),"{CC(C)(c2ccc(OCCOCC1CO1)cc2)c4ccc(OCCOCC3CO3)cc4,CC(C)(c2ccc(OCCOCCOCCOC1CO1)cc2)c4ccc(OCCOCCOCCC3CO3)cc4, O=C1OC(=O)C2CCCCC12}",0.104:0.226:0.67,54.05,57.01
131,"Fan et al., 2014[43]",EP06(85),"{CC(C)(c2ccc(OCCOCC1CO1)cc2)c4ccc(OCCOCC3CO3)cc4,CC(C)(c2ccc(OCCOCCOCCOC1CO1)cc2)c4ccc(OCCOCCOCCC3CO3)cc4, O=C1OC(=O)C2CCCCC12}",0.065:0.266:0.669,46.43,48.79
132,"Santiago et al, 2016b[44]",90D400-10LP,"{C(C)(c2ccc(OCC1CO1)cc2)c4ccc(OCC3CO3)cc4, CC(N)COCC(C)COCC(C)COCC(C)COCC(C)COCC(C)COCC(C)N, NCCNCCN(CCNCCC(CN)CCN)CCN(CCNCCN)CCN(CCN)CCN}",0.719:0.265:0.016,60,100
133,"Santiago et al, 2016b[44]",60D400-40LP,"{CC(C)(c2ccc(OCC1CO1)cc2)c4ccc(OCC3CO3)cc4, CC(N)COCC(C)COCC(C)COCC(C)COCC(C)COCC(C)COCC(C)N, NCCNCCN(CCNCCC(CN)CCN)CCN(CCNCCN)CCN(CCN)CCN}",0.779:0.172:0.049,87,127
134,"Santiago et al, 2016b[44]",300D400-70LP,"{CC(C)(c2ccc(OCC1CO1)cc2)c4ccc(OCC3CO3)cc4, CC(N)COCC(C)COCC(C)COCC(C)COCC(C)COCC(C)COCC(C)N, NCCNCCN(CCNCCC(CN)CCN)CCN(CCNCCN)CCN(CCN)CCN}",0.832:0.084:0.084,117,157
135,"Wei et al., 2015[45]",A,"{CC(C)(C4CCC(OCC(O)COC3CCC(C(C)(C)C2CCC(OCC1CO1)CC2)CC3)CC4)C6CCC(OCC5CO5)CC6, CC(=O)C1CCCCC1C(C)=O}",0.33:0.67,113,117.68
136,"Wei et al., 2015[45]",B,"{CC(C)(C4CCC(OCC(O)COC3CCC(C(C)(C)C2CCC(OCC1CO1)CC2)CC3)CC4)C6CCC(OCC5CO5)CC6,O=C(OCC1CO1)C3CC2OC2CC3C(=O)OCC4CO4, CC(=O)C1CCCCC1C(C)=O}",0.1765:0.1176:0.7059,121,127.62
137,"Wei et al., 2015[45]",C,"{CC(C)(C4CCC(OCC(O)COC3CCC(C(C)(C)C2CCC(OCC1CO1)CC2)CC3)CC4)C6CCC(OCC5CO5)CC6,O=C(OCC1CO1)C3CC2OC2CC3C(=O)OCC4CO4, CC(=O)C1CCCCC1C(C)=O}",0.25:0.0625:0.6875,128,135.55
138,"Wei et al., 2015[45]",D,"{CC(C)(C4CCC(OCC(O)COC3CCC(C(C)(C)C2CCC(OCC1CO1)CC2)CC3)CC4)C6CCC(OCC5CO5)CC6, O=C(OCC1CO1)C3CC2OC2CC3C(=O)OCC4CO4, CC(=O)C1CCCCC1C(C)=O}",0.212:0.091:0.697,135,140.26
139,"Wei et al., 2015[45]",E,"{CC(C)(C4CCC(OCC(O)COC3CCC(C(C)(C)C2CCC(OCC1CO1)CC2)CC3)CC4)C6CCC(OCC5CO5)CC6, O=C(OCC1CO1)C3CC2OC2CC3C(=O)OCC4CO4, CC(=O)C1CCCCC1C(C)=O}",0.1765:0.1176:0.7059,142,150.9
140,"Ma et al., 2017 [46]",MDS-EPO,"{Nc2ccc(SSc1ccc(N)cc1)cc2, C1OC1COC3COC4C(OC2CO2)COC34}",0.33:0.67,41.4,79.79
141,"Ma et al., 2017 [46]",MDA-EPO,"{Nc2ccc(Cc1ccc(N)cc1)cc2, C1OC1COC3COC4C(OC2CO2)COC34}",0.33:0.67,37.3,77
142,Hassan et al. 2015 [47],33 Bis A,"{Nc2cccc(S(=O)(=O)c1cccc(N)c1)c2, CC(C)(c2ccc(OCC1CO1)cc2)c4ccc(OCC3CO3)cc4}",0.33:0.67,187,191.92
143,Hassan et al. 2015 [47],44 Bis A,"{Nc2cccc(S(=O)(=O)c1cccc(N)c1)c2, CC(C)(c2ccc(OCC1CO1)cc2)c4ccc(OCC3CO3)cc4}",0.33:0.67,219,224.14
144,"Santiago et al, 2016[22]",70-30-FG,"{CC(C)(c4ccc(OCC(O)COc3ccc(C(C)(C)c2ccc(OCC1CO1)cc2)cc3)cc4)c6ccc(OCC5CO5)cc6, CC(N)COCC(C)N, CCNCCN(CCN)CCNCCN(CCNCCN(CC)CCN)CCN(CCNCC)CCN(CC)CCN}",0.85:0.14:0.01,77,107
145,"Santiago et al, 2016[22]",40-60-FG,"{CC(C)(c4ccc(OCC(O)COc3ccc(C(C)(C)c2ccc(OCC1CO1)cc2)cc3)cc4)c6ccc(OCC5CO5)cc6, CC(N)COCC(C)N, CCNCCN(CCN)CCNCCN(CCNCCN(CC)CCN)CCN(CCNCC)CCN(CC)CCN}",0.89:0.08:0.03,104,144
146,"Santiago et al, 2016[22]",90-10-PR,"{CC(C)(c4ccc(OCC(O)COc3ccc(C(C)(C)c2ccc(OCC1CO1)cc2)cc3)cc4)c6ccc(OCC5CO5)cc6, CC(N)COCC(C)N, CCNCCN(CCN)CCNCCN(CCNCCN(CC)CCN)CCN(CCNCC)CCN(CC)CCN}",0.807:0.188:0.005,56,96
147,"Santiago et al, 2016[22]",80-20-PR,"{CC(C)(c4ccc(OCC(O)COc3ccc(C(C)(C)c2ccc(OCC1CO1)cc2)cc3)cc4)c6ccc(OCC5CO5)cc6, CC(N)COCC(C)N, CCNCCN(CCN)CCNCCN(CCNCCN(CC)CCN)CCN(CCNCC)CCN(CC)CCN}",0.82:0.17:0.01,64,104
148,"Santiago et al, 2016[22]",70-30-PR,"{CC(C)(c4ccc(OCC(O)COc3ccc(C(C)(C)c2ccc(OCC1CO1)cc2)cc3)cc4)c6ccc(OCC5CO5)cc6, CC(N)COCC(C)N, CCNCCN(CCN)CCNCCN(CCNCCN(CC)CCN)CCN(CCNCC)CCN(CC)CCN}",0.84:0.14:0.02,70,110
149,"Santiago et al, 2016[22]",60-40-PR,"{CC(C)(c4ccc(OCC(O)COc3ccc(C(C)(C)c2ccc(OCC1CO1)cc2)cc3)cc4)c6ccc(OCC5CO5)cc6, CC(N)COCC(C)N, CCNCCN(CCN)CCNCCN(CCNCCN(CC)CCN)CCN(CCNCC)CCN(CC)CCN}",0.86:0.12:0.02,79,119
150,"Santiago et al, 2016[22]",50-50-PR,"{CC(C)(c4ccc(OCC(O)COc3ccc(C(C)(C)c2ccc(OCC1CO1)cc2)cc3)cc4)c6ccc(OCC5CO5)cc6,CC(N)COCC(C)N, CCNCCN(CCN)CCNCCN(CCNCCN(CC)CCN)CCN(CCNCC)CCN(CC)CCN}",0.88:0.1:0.02,89,129
151,"Santiago et al, 2016[22]",40-60-PR,"{CC(C)(c4ccc(OCC(O)COc3ccc(C(C)(C)c2ccc(OCC1CO1)cc2)cc3)cc4)c6ccc(OCC5CO5)cc6, CC(N)COCC(C)N, CCNCCN(CCN)CCNCCN(CCNCCN(CC)CCN)CCN(CCNCC)CCN(CC)CCN}",0.89:0.08:0.03,99,139
152,"Santiago et al, 2016[22]",30-70-PR,"{CC(C)(c4ccc(OCC(O)COc3ccc(C(C)(C)c2ccc(OCC1CO1)cc2)cc3)cc4)c6ccc(OCC5CO5)cc6, CC(N)COCC(C)N, CCNCCN(CCN)CCNCCN(CCNCCN(CC)CCN)CCN(CCNCC)CCN(CC)CCN}",0.91:0.06:0.03,112,152
153,"Tanpikasit et al, 2014 [48]",BA-a 30 mol%,"{CC(C)(c3ccc2OCN(c1ccccc1)Cc2c3)c6ccc5OCN(c4ccccc4)Cc5c6, CC(C)(COCC1CO1)COCC2CO2}",0.3:0.7,51,53.09
154,"Tanpikasit et al, 2014 [48]",BA-a 40 mol%,"{CC(C)(c3ccc2OCN(c1ccccc1)Cc2c3)c6ccc5OCN(c4ccccc4)Cc5c6, CC(C)(COCC1CO1)COCC2CO2}",0.4:0.6,88,90.32
155,"Tanpikasit et al, 2014 [48]",BA-a 50 mol%,"{CC(C)(c3ccc2OCN(c1ccccc1)Cc2c3)c6ccc5OCN(c4ccccc4)Cc5c6, CC(C)(COCC1CO1)COCC2CO2}",0.5:0.5,140,142.85
156,"Tanpikasit et al, 2015 [49]",BA-a 30 mol%,"{CC(C)(c3ccc2OCN(c1ccccc1)Cc2c3)c6ccc5OCN(c4ccccc4)Cc5c6, CC(C)(COCC1CO1)COCC2CO2}",0.3:0.7,51,57.59
157,"Tanpikasit et al, 2015 [49]",BA-a 35 mol%,"{CC(C)(c3ccc2OCN(c1ccccc1)Cc2c3)c6ccc5OCN(c4ccccc4)Cc5c6, CC(C)(COCC1CO1)COCC2CO2}",0.35:0.65,70,74.48
158,"Tanpikasit et al, 2015 [49]",BA-a 40 mol%,"{CC(C)(c3ccc2OCN(c1ccccc1)Cc2c3)c6ccc5OCN(c4ccccc4)Cc5c6, CC(C)(COCC1CO1)COCC2CO2}",0.4:0.6,88,78.79
159,"Tanpikasit et al, 2015 [49]",BA-a 45 mol%,"{CC(C)(c3ccc2OCN(c1ccccc1)Cc2c3)c6ccc5OCN(c4ccccc4)Cc5c6, CC(C)(COCC1CO1)COCC2CO2}",0.45:0.55,122,89.13
160,"Tanpikasit et al, 2015 [49]",BA-a 50 mol%,"{CC(C)(c3ccc2OCN(c1ccccc1)Cc2c3)c6ccc5OCN(c4ccccc4)Cc5c6, CC(C)(COCC1CO1)COCC2CO2}",0.5:0.5,140,145.48
161,"Choong et al , 2016[11]",tba-DEGDA(80-20),"{C=C(C)C(=O)OCCCC,  C=CC(=O)OCCOCCOC(=O)C=C}",0.87:0.13,61.5,42.56
162,"Choong et al , 2016[11]",tba-DEGDA(70-30),"{C=C(C)C(=O)OCCCC, C=CC(=O)OCCOCCOC(=O)C=C}",0.8:0.2,65.4,61.04
163,"Zheng et al, 2015 [16]",EPON2,"{CC(C)(c4ccc(OCC(O)COc3ccc(C(C)(C)c2ccc(OCC1CO1)cc2)cc3)cc4)c6ccc(OCC5CO5)cc6, CC(N)COCC(C)N}",0.57:0.43,70,69.67
164,"Zheng et al, 2015 [16]",EPON3,"{CC(C)(c4ccc(OCC(O)COc3ccc(C(C)(C)c2ccc(OCC1CO1)cc2)cc3)cc4)c6ccc(OCC5CO5)cc6, CC(N)COCC(C)N}",0.63:0.37,79,81.22
165,"Lakhera et al, 2012 [20]",tba-co-XLS(20%),"{C=C(C)C(=C)OCOCCOC(=O)C(=C)C, C=C(C)C(=O)OCCOCCOCCOCCOCCOCCOCCOCCOCCOC(=O)C(=C)C, C=CC(=O)OC(C)(C)C}",0.91:0.06:0.03,53.35,56.01
166,"Lakhera et al, 2012 [20]",tba-co-XLS(30%),"{C=C(C)C(=C)OCOCCOC(=O)C(=C)C, C=C(C)C(=O)OCCOCCOCCOCCOCCOCCOCCOCCOCCOC(=O)C(=C)C, C=CC(=O)OC(C)(C)C}",0.64:0.25:0.11,57.11,58.6
167,"Jo et al, 2018 [29]",D230-5,"{CC(C)(c4ccc(OCC(O)COc3ccc(C(C)(C)c2ccc(OCC1CO1)cc2)cc3)cc4)c6ccc(OCC5CO5)cc6, Nc2ccc(Cc1ccc(N)cc1)cc2, CC(N)COCC(C)N}",0.73:0.23:0.04,113.8,113.26
168,"Jo et al, 2018 [29]",D230-15,"{CC(C)(c4ccc(OCC(O)COc3ccc(C(C)(C)c2ccc(OCC1CO1)cc2)cc3)cc4)c6ccc(OCC5CO5)cc6, Nc2ccc(Cc1ccc(N)cc1)cc2, CC(N)COCC(C)N}",0.75:0.24:0.01,146.5,148.42
169,"Jo et al, 2018 [29]",D400-6,"{CC(C)(c4ccc(OCC(O)COc3ccc(C(C)(C)c2ccc(OCC1CO1)cc2)cc3)cc4)c6ccc(OCC5CO5)cc6, Nc2ccc(Cc1ccc(N)cc1)cc2, CC(N)COCC(C)N}",0.73:0.23:0.04,114.3,118.17
170,"Jo et al, 2018 [29]",D400-11,"{CC(C)(c4ccc(OCC(O)COc3ccc(C(C)(C)c2ccc(OCC1CO1)cc2)cc3)cc4)c6ccc(OCC5CO5)cc6, Nc2ccc(Cc1ccc(N)cc1)cc2, CC(N)COCC(C)N}",0.7:0.22:0.08,122.5,132.11
171,"Ortega et al, 2012[21]",tba-co-PEGDMA(2%),"{C=C(C)C(=O)OCCCC, CC(=O)OCCOCCOCCOCCOCCOCCOCCOCCOCCOCCOC(=O)C(C)=O, C=C(C)C(=O)OCCOCCOCCOCCOCCOC(=O)C(C)=O}",0.994:0.002:0.004,57,67
172,"Ortega et al, 2012[21]",tba-co-PEGDMA(40%),"{C=C(C)C(=O)OCCCC, CC(=O)OCCOCCOCCOCCOCCOCCOCCOCCOCCOCCOC(=O)C(C)=O, C=C(C)C(=O)OCCOCCOCCOCCOCCOC(=O)C(C)=O}",0.834:0.103:0.063,55,65
173,"Cheng et al , 2020[25]",DER-NMA-0.05TEOA,"{CC(C)(c2ccc(OCC1CO1)cc2)c4ccc(OCC3CO3)cc4, CC2=CC(C)(C)C1C(=O)OC(=O)C1C2C, OCCN(CCO)CCO}",0.488:0.488:0.024,124.4,134.24
174,"Cheng et al , 2020[25]",DER-NMA-0.15TEOA5,"{CC(C)(c2ccc(OCC1CO1)cc2)c4ccc(OCC3CO3)cc4, CC2=CC(C)(C)C1C(=O)OC(=O)C1C2C, OCCN(CCO)CCO}",0.465:0.465:0.07,124.1,128.94
175,"Cheng et al , 2020[25]",DER-NMA-0.2TEOA,"{CC(C)(c2ccc(OCC1CO1)cc2)c4ccc(OCC3CO3)cc4, CC2=CC(C)(C)C1C(=O)OC(=O)C1C2C, OCCN(CCO)CCO}",0.45:0.45:0.1,119,124.08
176,"Chen et al, 2018[28]",EVC3S7,"{CC(C)(c2ccc(OCC1CC1)cc2)c4ccc(OCC3CO3)cc4, O=C(O)CCCCCCCCC(=O)O, O=C(O)C1CCC(C(=O)O)CC1}",0.5:0.35:0.15,46.6,35.7
177,"Chen et al, 2018[28]",EVC4S6,"{CC(C)(c2ccc(OCC1CC1)cc2)c4ccc(OCC3CO3)cc4, O=C(O)CCCCCCCCC(=O)O, O=C(O)C1CCC(C(=O)O)CC1}",0.5:0.3:0.2,50.3,42.71
178,"Xie et al, 2009[30]", DA1,"{CC(C)(c2ccc(OCC1CO1)cc2)c4ccc(OCC3CO3)cc4, CC(N)COCC(C)OCC(C)OCC(C)N, CCCCCCCCCCN}",0.62:0.23:0.15,76.31,79.27
179,"Xie et al, 2009[30]",DA2,"{CC(C)(c2ccc(OCC1CO1)cc2)c4ccc(OCC3CO3)cc4, CC(N)COCC(C)OCC(C)OCC(C)N, CCCCCCCCCCN}",0.57:0.14:0.29,64.53,68.91
180,"Xie et al, 2009[30]",DA3,"{CC(C)(c2ccc(OCC1CO1)cc2)c4ccc(OCC3CO3)cc4, CC(N)COCC(C)OCC(C)OCC(C)N, CCCCCCCCCCN}",0.53:0.07:0.4,76.31,53.65
181,"Xie et al, 2009[30]",NGDE1,"{CC(C)(c2ccc(OCC1CO1)cc2)c4ccc(OCC3CO3)cc4, CC(N)COCC(C)OCC(C)OCC(C)N, CC(C)(COCC1CO1)COCC2CO2}",0.5:0.33:0.17,57.87,72.66
182,"Xie et al, 2009[30]",NGDE2,"{CC(C)(c2ccc(OCC1CO1)cc2)c4ccc(OCC3CO3)cc4, CC(N)COCC(C)OCC(C)OCC(C)N, CC(C)(COCC1CO1)COCC2CO2}",0.34:0.33:0.33,37.64,52.04
183,"Xie et al, 2009[30]",NGDE3,"{CC(C)(c2ccc(OCC1CO1)cc2)c4ccc(OCC3CO3)cc4, CC(N)COCC(C)OCC(C)OCC(C)N, CC(C)(COCC1CO1)COCC2CO2}",0.17:0.33:0.5,23.17,31.99
