No,Reference,SMPname,SMILES,Molar Ratio,Tg,Glassy Modulus(GPa),Rubbery Modulus (MPa),Low Temp.,High Temp
1,Castro et al. 2010[1],tba & PEGDMA,"{C=C(C)C(=O)OCCCC, C=C(C)C(=O)OCCOC(=O)C(=C)C}",0.61:0.39,49.36,1.3,4,10,60
2,Cuminet et al 2023[2],vm-RvOH,"{C(=C\c3cc(OCC1CO1)cc(OCC2CO2)c3)/c5ccc(OCC4CO4)cc5, O=C(O)C(F)(F)Oc2ccc(/C=C/c1cc(OC(F)(F)C(=O)O)cc(OC(F)(F)C(=O)O)c1)cc2}",0.5:0.5,117,2.1,46,67,167
3,"Liu et al, 2006[6]", P(MMA-co-VP)/PEG,"{C=C(C)C(=O)OCCCC, C=CN1CCCC1=O, C=C(C)C(=O)OCCOC(=O)C(C)C}",0.34:0.21:0.45,72,8.891,6.827,52,92
4,"Xiao et al, 2015[7]",Polymide,"{CC(C)(c3ccc(Oc2ccc1c(=O)oc(=O)c1c2)cc3)c6ccc(Oc5ccc4c(=O)oc(=O)c4c5)cc6, Nc2ccc(Oc1ccc(N)cc1)cc2}",0.5:0.5,238,1.407,7.6,218,258
5,"Lin and Chen,1999[10]",A1,"{O=C=Nc2ccc(Cc1ccc(N=C=O)cc1)cc2, COCCCCOC(=O)CCCCC(=O)OCCCCOC(=O)CCCCC(=O)OCCCCOC(=O)CCCCC(C)=O, C=C(C)CCCCC(=O)O}",0.55:0.27:0.18,10.79,9.391,1.4,-9.21,30.79
6,"Choong et al , 2016[11]",tba-DEGDA(60-40),"{C=C(C)C(=O)OCCCC, C=CC(=O)OCCOCCOC(=O)C=C}",0.71:0.29,69.5,7.259,0.87,42.62,69.06
7,"Nair et al., 2010[12]",TMPTMP/TATATO,"{CCC(COC(=O)CCS)(COC(=O)CCS)COC(=O)CCS, C=CCn1c(=C)n(CC=C)c(=O)n(CC=C)c1=O}",0.5:0.5,36,7.241,18,25.39,39.2
8,"Arrietta et al , 2013[14]",Acrylate Polymer,"{C=C(C)C(=O)OCC1CCCCC1, C=C(C)C(=O)OCCOC(=O)C(=C)C}",0.9:0.1,46,8.445,640.03,39.63,67.61
9,"Zheng et al, 2015 [16]",EPON1,"{CC(C)(c4ccc(OCC(O)COc3ccc(C(C)(C)c2ccc(OCC1CO1)cc2)cc3)cc4)c6ccc(OCC5CO5)cc6, CC(N)COCC(C)N}",0.5:0.5,40,10.67,4,51.58,63.49
10,"Jo et al, 2019 [17]",ESMP-0-21,"{CC(C)(c2ccc(OCC1CC1)cc2)c4ccc(OCC3CO3)cc4, CNc2ccc(Cc1ccc(NC)cc1)cc2}",0.73:0.27,140,2.015,13.6,100,180
11,"Jo et al, 2019 [17]",ESMP-0-19,"{CC(C)(c2ccc(OCC1CC1)cc2)c4ccc(OCC3CO3)cc4, CNc2ccc(Cc1ccc(NC)cc1)cc2}",0.75:0.25,125.9,3.413,8,85.9,135.9
12,"Choong et al , 2016[19]",tba-DEGDA(90-10),"{C=C(C)C(=O)OCCCC, C=CC(=O)OCCOCCOC(=O)C=C}",0.94:0.06,53.9,9.509,0.31,31.52,56.08
13,"Choong et al , 2016[19]",tba-DEGDA(50-50),"{C=C(C)C(=O)OCCCC, C=CC(=O)OCCOCCOC(=O)C=C}",0.63:0.37,74.1,8.525,0.97,40.15,78.19
14,"Lakhera et al, 2012 [20]",tba-co-XLS(10%),"{C=C(C)C(=C)OCOCCOC(=O)C(=C)C, C=C(C)C(=O)OCCOCCOCCOCCOCCOCCOCCOCCOCCOC(=O)C(=C)C, C=CC(=O)OC(C)(C)C}",0.96:0.03:0.01,53.31,8.606,1.85,47.77,55.77
15,"Ortega et al, 2012[21]",tba-co-PEGDMA(10%),"{C=C(C)C(=O)OCCCC, CC(=O)OCCOCCOCCOCCOCCOCCOCCOCCOCCOCCOC(=O)C(C)=O, C=C(C)C(=O)OCCOCCOCCOCCOCCOC(=O)C(C)=O}",0.964:0.02:0.016,56,1.11,3.8,46,66
16,"Zheng et al, 2015 [16]",EPON4,"{CC(C)(c4ccc(OCC(O)COc3ccc(C(C)(C)c2ccc(OCC1CO1)cc2)cc3)cc4)c6ccc(OCC5CO5)cc6, CC(N)COCC(C)N}",0.67:0.33,80,10.094,14.1,75.4,89.86
17,"Santiago et al, 2016[22]",90-10-FG,"{CC(C)(c4ccc(OCC(O)COc3ccc(C(C)(C)c2ccc(OCC1CO1)cc2)cc3)cc4)c6ccc(OCC5CO5)cc6, CC(N)COCC(C)N, CCNCCN(CCN)CCNCCN(CCNCCN(CC)CCN)CCN(CCNCC)CCN(CC)CCN}",0.81:0.19:0,60,2.878,16,20,100
18,"Santiago et al, 2016[22]",80-20-FG,"{CC(C)(c4ccc(OCC(O)COc3ccc(C(C)(C)c2ccc(OCC1CO1)cc2)cc3)cc4)c6ccc(OCC5CO5)cc6, CC(N)COCC(C)N, CCNCCN(CCN)CCNCCN(CCNCCN(CC)CCN)CCN(CCNCC)CCN(CC)CCN}",0.83:0.16:0.01,68,2.88,17,28,108
19,"Santiago et al, 2016[22]",50-50-FG,"{CC(C)(c4ccc(OCC(O)COc3ccc(C(C)(C)c2ccc(OCC1CO1)cc2)cc3)cc4)c6ccc(OCC5CO5)cc6, CC(N)COCC(C)N, CCNCCN(CCN)CCNCCN(CCNCCN(CC)CCN)CCN(CCNCC)CCN(CC)CCN}",0.88:0.1:0.02,96,3.11,34,56,136
20,"Santiago et al, 2016[22]",30-70-FG,"{CC(C)(c4ccc(OCC(O)COc3ccc(C(C)(C)c2ccc(OCC1CO1)cc2)cc3)cc4)c6ccc(OCC5CO5)cc6, CC(N)COCC(C)N, CCNCCN(CCN)CCNCCN(CCNCCN(CC)CCN)CCN(CCNCC)CCN(CC)CCN}",0.91:0.06:0.03,117,2.858,52,77,157
21,"Rimdusit et al, 2013[24]",ENDB1/1/1,"{CC(COc3ccc(C(C)(C)c2ccc(OCC1CO1)cc2)cc3)COc6ccc(C(C)(C)c5ccc(OCC4CO4)cc5)cc6, CC(C)(COCC1CO1)COCC2CO2, CC(N)COCC(C)N}",0.34:0.33:0.33,47,3.18,21.2,36.44,62.3
22,"Rimdusit et al, 2013[24]",ENDB1/1/0.8/0.2,"{CC(COc3ccc(C(C)(C)c2ccc(OCC1CO1)cc2)cc3)COc6ccc(C(C)(C)c5ccc(OCC4CO4)cc5)cc6, CC(C)(COCC1CO1)COCC2CO2, CC(N)COCC(C)N, CC(C)(c3ccc(C2COCN(c1ccccc1)C2)cc3)c6ccc5CCN(c4ccccc4)Cc5c6}",0.33:0.33:0.27:0.07,72,3.9,26.9,62.98,71.15
23,"Rimdusit et al, 2013[24]",ENDB1/1/0.6/0.4,"{CC(COc3ccc(C(C)(C)c2ccc(OCC1CO1)cc2)cc3)COc6ccc(C(C)(C)c5ccc(OCC4CO4)cc5)cc6, CC(C)(COCC1CO1)COCC2CO2, CC(N)COCC(C)N, CC(C)(c3ccc(C2COCN(c1ccccc1)C2)cc3)c6ccc5CCN(c4ccccc4)Cc5c6}",0.33:0.33:0.21:0.13,80,4.34,34.44,75.9,121.947
24,"Rimdusit et al, 2013[24]",ENDB1/1/0.2/0.8,"{CC(COc3ccc(C(C)(C)c2ccc(OCC1CO1)cc2)cc3)COc6ccc(C(C)(C)c5ccc(OCC4CO4)cc5)cc6, CC(C)(COCC1CO1)COCC2CO2, CC(N)COCC(C)N, CC(C)(c3ccc(C2COCN(c1ccccc1)C2)cc3)c6ccc5CCN(c4ccccc4)Cc5c6}",0.33:0.33:0.07:0.27,92,4.62,39.48,90.42,135.32
25,"Rimdusit et al, 2013[24]",ENDB1/1/0.4/0.6,"{CC(COc3ccc(C(C)(C)c2ccc(OCC1CO1)cc2)cc3)COc6ccc(C(C)(C)c5ccc(OCC4CO4)cc5)cc6, CC(C)(COCC1CO1)COCC2CO2, CC(N)COCC(C)N, CC(C)(c3ccc(C2COCN(c1ccccc1)C2)cc3)c6ccc5CCN(c4ccccc4)Cc5c6}",0.33:0.33:0.13:0.21,85,4.44,38.95,86.11,126.71
26,"Cheng et al , 2020[25]",DER-NMA-0.1TEOA,"{CC(C)(c2ccc(OCC1CO1)cc2)c4ccc(OCC3CO3)cc4,  CC2=CC(C)(C)C1C(=O)OC(=O)C1C2C, OCCN(CCO)CCO}",0.476:0.476:0.048,134.09,2.251,17,127.25,135.97
27,"Chen et al, 2018[28]",EVC1S9,"{CC(C)(c2ccc(OCC1CC1)cc2)c4ccc(OCC3CO3)cc4, O=C(O)CCCCCCCCC(=O)O, O=C(O)C1CCC(C(=O)O)CC1}",0.5:0.45:0.05,36.2,1.768,25.27,15.59,24.59
28,"Chen et al, 2018[28]",EVC2S8,"{CC(C)(c2ccc(OCC1CC1)cc2)c4ccc(OCC3CO3)cc4, O=C(O)CCCCCCCCC(=O)O, O=C(O)C1CCC(C(=O)O)CC1}",0.5:0.4:0.1,40.9,1.865,21.11,20.38,30.22
29,"Jo et al, 2018 [29]",D230-0-1,"{CC(C)(c4ccc(OCC(O)COc3ccc(C(C)(C)c2ccc(OCC1CO1)cc2)cc3)cc4)c6ccc(OCC5CO5)cc6, Nc2ccc(Cc1ccc(N)cc1)cc2}",0.758:0.242,104.5,2.839,4,94.33,106.23
30,"Jo et al, 2018 [29]",D230-0-2,"{CC(C)(c4ccc(OCC(O)COc3ccc(C(C)(C)c2ccc(OCC1CO1)cc2)cc3)cc4)c6ccc(OCC5CO5)cc6, Nc2ccc(Cc1ccc(N)cc1)cc2}",0.735:0.265,125.9,2.413,8,25,135.9
31,"Jo et al, 2018 [29]",D230-9,"{CC(C)(c4ccc(OCC(O)COc3ccc(C(C)(C)c2ccc(OCC1CO1)cc2)cc3)cc4)c6ccc(OCC5CO5)cc6, Nc2ccc(Cc1ccc(N)cc1)cc2, CC(N)COCC(C)N }",0.71:0.23:0.06,133.1,2.389,13,124.08,132.02
32,"Jo et al, 2018 [29]",D230-20,"{CC(C)(c4ccc(OCC(O)COc3ccc(C(C)(C)c2ccc(OCC1CO1)cc2)cc3)cc4)c6ccc(OCC5CO5)cc6, Nc2ccc(Cc1ccc(N)cc1)cc2, CC(N)COCC(C)N }",0.66:0.21:0.13,155.9,1.628,27.2,156.53,157.26
33,"Jo et al, 2018 [29]",D400-3,"{CC(C)(c4ccc(OCC(O)COc3ccc(C(C)(C)c2ccc(OCC1CO1)cc2)cc3)cc4)c6ccc(OCC5CO5)cc6, Nc2ccc(Cc1ccc(N)cc1)cc2, CC(N)COCC(C)N }",0.74:0.24:0.02,112,2.644,6.1,93.79,114.63
34,"Jo et al, 2018 [29]",D400-8,"{CC(C)(c4ccc(OCC(O)COc3ccc(C(C)(C)c2ccc(OCC1CO1)cc2)cc3)cc4)c6ccc(OCC5CO5)cc6, Nc2ccc(Cc1ccc(N)cc1)cc2, CC(N)COCC(C)N }",0.71:0.23:0.06,118.6,2.367,10.6,103.3,126.75
35,"Jo et al, 2018 [29]",D400-14,"{CC(C)(c4ccc(OCC(O)COc3ccc(C(C)(C)c2ccc(OCC1CO1)cc2)cc3)cc4)c6ccc(OCC5CO5)cc6, Nc2ccc(Cc1ccc(N)cc1)cc2, CC(N)COCC(C)N }",0.68:0.22:0.1,128.4,1.889,16.8,124.6,135.32
36,"Xie et al, 2009[30]",Ref,"{CC(C)(c2ccc(OCC1CO1)cc2)c4ccc(OCC3CO3)cc4, CC(N)COCC(C)OCC(C)OCC(C)N }",0.67:0.33,93.4,1.807,18.11,89.82,99.99
37,"Santiago et al, 2016[22]",60-40-FG,"{CC(C)(c4ccc(OCC(O)COc3ccc(C(C)(C)c2ccc(OCC1CO1)cc2)cc3)cc4)c6ccc(OCC5CO5)cc6, CC(N)COCC(C)N, CCNCCN(CCN)CCNCCN(CCNCCN(CC)CCN)CCN(CCNCC)CCN(CC)CCN}",0.86:0.12:0.02,68,3.149,29,28,108
38,"Xu et al, 2009[33]",HYPU0-1,"{CCO[Si](CCCN(CCOC(=O)CCO)CCOC(=O)CCO)(OCC)OCC, CC1(C)CC(N=C=O)CC(C)(N=C=O)C1}",0.5:0.5,57,2.25,16.34,32,82
39,"Xu et al, 2009[33]",HYPU1-4,"{CCO[Si](CCCN(CCOC(=O)CCO)CCOC(=O)CCO)(OCC)OCC, CC1(C)CC(N=C=O)CC(C)(N=C=O)C1, OCCOCCOCCOCCOCCOCCOCCOCCOCCOCCO}",0.165:0.165:0.67,50.5,2.14,13.71,25.5,75.5
40,"Xu et al, 2009[33]",HYPU1-2,"{CCO[Si](CCCN(CCOC(=O)CCO)CCOC(=O)CCO)(OCC)OCC, CC1(C)CC(N=C=O)CC(C)(N=C=O)C1, OCCOCCOCCOCCOCCOCCOCCOCCOCCOCCO}",0.25:0.25:0.5,47.5,1.885,8.762,22.5,72.5
41,"Xu et al, 2009[33]",HYPU1-1,"{CCO[Si](CCCN(CCOC(=O)CCO)CCOC(=O)CCO)(OCC)OCC, CC1(C)CC(N=C=O)CC(C)(N=C=O)C1, OCCOCCOCCOCCOCCOCCOCCOCCOCCOCCO}",0.34:0.33:0.33,35.9,1.54,3.85,10.9,60.9
42,"Nair et al., 2010[12]",tba/PEGDMA,"{C=C(C)C(=O)OCCCC, C=C(C)C(=O)OCCOC(=O)C(=C)C}",0.5:0.5,35,6.858,23,23.92,41.05
43,"Grishchuck et al., 2011 [34]",EP(DETA)-Ref,"{CC(C)(c2ccc(OCC1CC1)cc2)c4ccc(OCC3CO3)cc4, NCCNCCN}",0.67:0.33,130,6.162,33,25,160
44,"Grishchuck et al., 2011 [34]",EP(DETA/DDM)-Ref,"{CC(C)(c2ccc(OCC1CC1)cc2)c4ccc(OCC3CO3)cc4, NCCNCCN, Nc2ccc(Cc1ccc(N)cc1)cc2}",0.67:0.165:0.165,155,6.034,41,25,185
45,"Grishchuck et al., 2011 [34]",EP(DDM)-Ref,"{CC(C)(c2ccc(OCC1CC1)cc2)c4ccc(OCC3CO3)cc4, Nc2ccc(Cc1ccc(N)cc1)cc2}",0.67:0.33,174,5.966,43,25,204
46,"Grishchuck et al., 2011 [34]",EP(DETA)/BOX 75/25,"{CC(C)(c2ccc(OCC1CC1)cc2)c4ccc(OCC3CO3)cc4, NCCNCCN}",0.75:0.25,134,6.07,28,25,164
47,"Grishchuck et al., 2011 [34]",EP(DDM)/BOX 75/25,"{CC(C)(c2ccc(OCC1CC1)cc2)c4ccc(OCC3CO3)cc4, Nc2ccc(Cc1ccc(N)cc1)cc2}",0.75:0.25,164,6.632,30,25,194
48,"Grishchuck et al., 2012 [35]",DGEBA/BOX(75/25),"{CC(C)(c2ccc(OCC1CO1)cc2)c4ccc(OCC3CO3)cc4, NCCNCCN }",0.75:0.25,164,3.725,30,25,194
49,"Grishchuck et al., 2012 [35]",DGEBA/BOX(50/50),"{CC(C)(c2ccc(OCC1CO1)cc2)c4ccc(OCC3CO3)cc4, NCCNCCN}",0.5:0.5,173,4.2,30,25,203
50,"Grishchuck et al., 2012 [35]",DGEBA/BOX/ETBN(67.5/22.5/10),"{CC(C)(c2ccc(OCC1CO1)cc2)c4ccc(OCC3CO3)cc4, Nc2ccc(Cc1ccc(N)cc1)cc2,CC(C/C=C\CC(=O)OCC(O)COc3ccc(C(C)(C)c2ccc(OCC1CO1)cc2)cc3)C(=O)OCC(O)COc6ccc(C(C)(C)c5ccc(OCC4CO4)cc5)cc6}",0.675:0.225:0.1,159,4.024,24,25,189
51,"Grishchuck et al., 2012 [35]",DGEBA/BOX/ETBN(45/45/10),"{CC(C)(c2ccc(OCC1CO1)cc2)c4ccc(OCC3CO3)cc4, NCCNCCN, CC(C)(c3ccc2OCN(c1ccccc1)Cc2c3)c6ccc5CN(c4ccccc4)COc5c6}",0.45:0.45:0.1,157,3.251,16,25,187
52,"Grishchuck et al., 2012 [35]",DGEBA/BOX/ETBN(42.5/42.5/10),"{CC(C)(c2ccc(OCC1CO1)cc2)c4ccc(OCC3CO3)cc4, Nc2ccc(Cc1ccc(N)cc1)cc2, CC(C)(c3ccc2OCN(c1ccccc1)Cc2c3)c6ccc5CN(c4ccccc4)COc5c6}",0.425:0.425:0.15,150,3.371,15,25,180
53,"Grishchuck et al., 2012 [35]",DGEBA/BOX/ETBN(40/40/20),"{CC(C)(c2ccc(OCC1CO1)cc2)c4ccc(OCC3CO3)cc4, CC(C)(c3ccc2OCN(c1ccccc1)Cc2c3)c6ccc5OCN(c4ccccc4)Cc5c6,CC(C/C=C\CC(=O)OCC(O)COc3ccc(C(C)(C)c2ccc(OCC1CO1)cc2)cc3)C(=O)OCC(O)COc6ccc(C(C)(C)c5ccc(OCC4CO4)cc5)cc6}",0.4:0.4:0.2,147,3.098,14,25,177
54,"Grishchuck et al., 2012 [35]",DGEBA/BOX(25/75),"{CC(C)(c2ccc(OCC1CO1)cc2)c4ccc(OCC3CO3)cc4, CC(C)(c3ccc2OCN(c1ccccc1)Cc2c3)c6ccc5OCN(c4ccccc4)Cc5c6}",0.25:0.75,183,4.405,30,25,213
55,"Grishchuck et al., 2012 [35]",DGEBA/BOX/ETBN(22.5/67.5/10),"{CC(C)(c2ccc(OCC1CO1)cc2)c4ccc(OCC3CO3)cc4, CC(C)(c3ccc2OCN(c1ccccc1)Cc2c3)c6ccc5OCN(c4ccccc4)Cc5c6,CC(C/C=C\CC(=O)OCC(O)COc3ccc(C(C)(C)c2ccc(OCC1CO1)cc2)cc3)C(=O)OCC(O)COc6ccc(C(C)(C)c5ccc(OCC4CO4)cc5)cc6}",0.225:0.675:0.1,173,4.024,24,25,203
56,"Grishchuck et al., 2012 [35]",TGPAP/BOX(50/50),"{c3cc(N(CC1CO1)CC2CO2)ccc3OCC4CO4, CC(C)(c3ccc2OCN(c1ccccc1)Cc2c3)c6ccc5OCN(c4ccccc4)Cc5c6}",0.5:0.5,191,4.436,55,25,221
57,"Grishchuck et al., 2012 [35]",TGPAP/BOX/ETBN(45/45/10),"{c3cc(N(CC1CO1)CC2CO2)ccc3OCC4CO4,CC(C)(c3ccc2OCN(c1ccccc1)Cc2c3)c6ccc5OCN(c4ccccc4)Cc5c6,CC(C/C=C\CC(=O)OCC(O)COc3ccc(C(C)(C)c2ccc(OCC1CO1)cc2)cc3)C(=O)OCC(O)COc6ccc(C(C)(C)c5ccc(OCC4CO4)cc5)cc6}",0.45:0.45:0.1,185,4,38,25,215
58,"Grishchuck et al., 2012 [35]",TGDDM/BOX(50/50),"{CC(C)(c2ccc(OCC1CO1)cc2)c4ccc(OCC3CO3)cc4, CC(C)(c3ccc2OCN(c1ccccc1)Cc2c3)c6ccc5OCN(c4ccccc4)Cc5c6}",0.5:0.5,206,4.508,59,25,236
59,"Grishchuck et al., 2012 [35]",TGDDM/BOX/ETBN(45/45/10),"{CC(C)(c2ccc(OCC1CO1)cc2)c4ccc(OCC3CO3)cc4, CC(C)(c3ccc2OCN(c1ccccc1)Cc2c3)c6ccc5OCN(c4ccccc4)Cc5c6, CC(C/C=C\CC(=O)OCC(O)COc3ccc(C(C)(C)c2ccc(OCC1CO1)cc2)cc3)C(=O)OCC(O)COc6ccc(C(C)(C)c5ccc(OCC4CO4)cc5)cc6}",0.45:0.45:0.1,189,3.26,46,25,219
60,"Xiao et al, 2015[7]",Polymide(A1),"{CC(C)(c3ccc(Oc2ccc1c(=O)oc(=O)c1c2)cc3)c6ccc(Oc5ccc4c(=O)oc(=O)c4c5)cc6, Nc2ccc(Oc1ccc(N)cc1)cc2}",0.504:0.496,240,1.58,7.8,220,260
61,"Xiao et al, 2015[7]",Polymide(A2),"{CC(C)(c3ccc(Oc2ccc1c(=O)oc(=O)c1c2)cc3)c6ccc(Oc5ccc4c(=O)oc(=O)c4c5)cc6, Nc2ccc(Oc1ccc(N)cc1)cc2}",0.512:0.488,241,1.492,7.9,221,261
62,"Xiao et al, 2015[7]",Polymide(A3),"{CC(C)(c3ccc(Oc2ccc1c(=O)oc(=O)c1c2)cc3)c6ccc(Oc5ccc4c(=O)oc(=O)c4c5)cc6, Nc2ccc(Oc1ccc(N)cc1)cc2}",0.519:0.481,243,1.465,8.8,223,263
63,"Xiao et al, 2015[7]",Polymide(A4),"{CC(C)(c3ccc(Oc2ccc1c(=O)oc(=O)c1c2)cc3)c6ccc(Oc5ccc4c(=O)oc(=O)c4c5)cc6, Nc2ccc(Oc1ccc(N)cc1)cc2}",0.524:0.476,242,1.673,10.5,222,262
64,"Jo et al, 2019 [17]",ESMP-10-21,"{CC(C)(c2ccc(OCC1CC1)cc2)c4ccc(OCC3CO3)cc4, CC(C)(c2ccc(OCCOCCOCCOCC1CO1)cc2)c4ccc(OCCOCCOCCOCC3CO3)cc4, CNc2ccc(Cc1ccc(NC)cc1)cc2}",0.71:0.04:0.25,135.8,2.326,14.8,95.8,175.8
65,"Jo et al, 2019 [17]",ESMP-20-21,"{CC(C)(c2ccc(OCC1CC1)cc2)c4ccc(OCC3CO3)cc4, CC(C)(c2ccc(OCCOCCOCCOCC1CO1)cc2)c4ccc(OCCOCCOCCOCC3CO3)cc4, CNc2ccc(Cc1ccc(NC)cc1)cc2}",0.66:0.08:0.26,126.8,2.01,15.9,86.8,166.8
66,"Jo et al, 2019 [17]",ESMP-30-21,"{CC(C)(c2ccc(OCC1CC1)cc2)c4ccc(OCC3CO3)cc4, CC(C)(c2ccc(OCCOCCOCCOCC1CO1)cc2)c4ccc(OCCOCCOCCOCC3CO3)cc4, CNc2ccc(Cc1ccc(NC)cc1)cc2}",0.6:0.13:0.27,121.2,1.814,16.7,81.2,161.2
67,"Sunitha et al, 2013 [36]",,"{CC(C)(c2ccc(OCC1CO1)cc2)c4ccc(OCC3CO3)cc4, C#CCCc1ccccc1Cc4cccc(Cc3cccc(Cc2ccccc2CC#C)c3O)c4CCC#C}",0.5:0.5,79,1.044,29.83,50.58,71.67
68,"Leonardi et al, 2011 [37]",,"{CC(C)(c2ccc(OCC1CC1)cc2)c4ccc(OCC3CO3)cc4, CCCCCCCCCCCN, NCc1cccc(CN)c1}",0.55:0.36:0.09,48.36,1.021,385,41,50.58
69,"Lin and Chen,1999[10]",A2,"{O=C=Nc2ccc(Cc1ccc(N=C=O)cc1)cc2, COCCCCOC(=O)CCCCC(=O)OCCCCOC(=O)CCCCC(=O)OCCCCOC(=O)CCCCC(C)=O, CCC(CO)(CO)CO}",0.571:0.143:0.286,57.73,9.391,3.85,37.73,77.73
70,"Lin and Chen,1999[10]",A3,"{O=C=Nc2ccc(Cc1ccc(N=C=O)cc1)cc2, COCCCCOC(=O)CCCCC(=O)OCCCCOC(=O)CCCCC(=O)OCCCCOC(=O)CCCCC(C)=O, CCC(CO)(CO)CO}",0.581:0.097:0.322,92.92,9.34,4.96,72.92,112.92
71,"Lin and Chen,1999[10]",A4,"{O=C=Nc2ccc(Cc1ccc(N=C=O)cc1)cc2, COCCCCOC(=O)CCCCC(=O)OCCCCOC(=O)CCCCC(=O)OCCCCOC(=O)CCCCC(C)=O, CCC(CO)(CO)CO}",0.59:0.07:0.34,116.5,9.391,6.56,96.5,136.5
72,"Ariraman et al, 2015[38]",DGEBA/30 wt% BCC,"{N#COc3ccc(CC2CCCC(Cc1ccc(OC#N)cc1)C2)cc3,CC(C)(c2ccc(OCC1CO1)cc2)c4ccc(OCC3CO3)cc4 }",0.7:0.3,110,2.743,5.22,30,117.97
73,"Ariraman et al, 2015[38]",DGEBA/40 wt% BCC,"{N#COc3ccc(CC2CCCC(Cc1ccc(OC#N)cc1)C2)cc3,CC(C)(c2ccc(OCC1CO1)cc2)c4ccc(OCC3CO3)cc4 }",0.6:0.4,135,4.586,12.41,30,136.68
74,"Ariraman et al, 2015[38]",DGEBA/50 wt% BCC,"{N#COc3ccc(CC2CCCC(Cc1ccc(OC#N)cc1)C2)cc3,CC(C)(c2ccc(OCC1CO1)cc2)c4ccc(OCC3CO3)cc4 }",0.5:0.5,145,6.262,7.83,30,146.96
75,"Feldkamp & Rousseau, 2011 [39]",E-148,"{CC(C)(c2ccc(OCC1CO1)cc2)c4ccc(OCC3CO3)cc4, NCCOCCOCCN}",0.67:0.33,102,1.704,23,76,127
76,"Feldkamp & Rousseau, 2011 [39]",E-176,"{CC(C)(c2ccc(OCC1CO1)cc2)c4ccc(OCC3CO3)cc4, NCCCOCCOCCCN}",0.667:0.333,96,1.706,24.3,73,122
77,"Feldkamp & Rousseau, 2011 [39]",E-230,"{CC(C)(c2ccc(OCC1CO1)cc2)c4ccc(OCC3CO3)cc4, CC(N)COCC(C)OCC(C)OCC(C)N}",0.676:0.324,95,2.163,14.3,60,125
78,"Feldkamp & Rousseau, 2011 [39]",E-230(a),"{CC(C)(c2ccc(OCC1CO1)cc2)c4ccc(OCC3CO3)cc4, CC(N)COCC(C)OCC(C)OCC(C)N}",0.6774:0.3226,93,1.236,14.1,65,125
79,"Feldkamp & Rousseau, 2011 [39]",E-230(b),"{CC(C)(c2ccc(OCC1CO1)cc2)c4ccc(OCC3CO3)cc4, CC(N)COCC(C)OCC(C)OCC(C)N}",0.6875:0.3125,88,1.798,11.7,62,120
80,"Feldkamp & Rousseau, 2011 [39]",E-230(c),"{CC(C)(c2ccc(OCC1CO1)cc2)c4ccc(OCC3CO3)cc4, CC(N)COCC(C)OCC(C)OCC(C)N}",0.7127:0.2873,76,2.651,6.3,50,115
81,"Feldkamp & Rousseau, 2011 [39]",E-230(07)nDA,"{CC(C)(c2ccc(OCC1CO1)cc2)c4ccc(OCC3CO3)cc4, CC(N)COCC(C)OCC(C)OCC(C)N, CCCCCCCCCN}",0.612:0.235:0.153,83,2.146,9.7,52,115
82,"Feldkamp & Rousseau, 2011 [39]",E-230(17)nDA,"{CC(C)(c2ccc(OCC1CO1)cc2)c4ccc(OCC3CO3)cc4, CC(N)COCC(C)OCC(C)OCC(C)N, CCCCCCCCCN}",0.58:0.157:0.263,73,2.073,8.3,50,108
83,"Feldkamp & Rousseau, 2011 [39]",E-230(60)nDA,"{CC(C)(c2ccc(OCC1CO1)cc2)c4ccc(OCC3CO3)cc4, CC(N)COCC(C)OCC(C)OCC(C)N, CCCCCCCCCN}",0.533:0.067:0.4,58,1.236,2.4,33,94
84,"Feldkamp & Rousseau, 2011 [39]",E-230(17)tDA,"{CC(C)(c2ccc(OCC1CO1)cc2)c4ccc(OCC3CO3)cc4, CC(N)COCC(C)OCC(C)OCC(C)N, CC(C)(C)N}",0.578:0.158:0.264,87,2.536,5.1,55,124
85,"Feldkamp & Rousseau, 2011 [39]",E-230(17)nBA,"{CC(C)(c2ccc(OCC1CO1)cc2)c4ccc(OCC3CO3)cc4, CC(N)COCC(C)OCC(C)OCC(C)N, CC(C)(C)N}",0.578:0.158:0.264,81,2.233,7.4,56,118
86,"Feldkamp & Rousseau, 2011 [39]",E-230(17)nHA,"{CC(C)(c2ccc(OCC1CO1)cc2)c4ccc(OCC3CO3)cc4, CC(N)COCC(C)OCC(C)OCC(C)N, CCCCCCCCCCCCCCCN}",0.63:0.14:0.23,62,1.928,6.4,31,103
87,"Feldkamp & Rousseau, 2011 [39]",D-148(10)230,"{CC(C)(c2ccc(OCC1CO1)cc2)c4ccc(OCC3CO3)cc4, NCCOCCOCCN, CC(N)COCC(C)OCC(C)OCC(C)N}",0.655:0.031:0.314,97,2.14,19.7,67,127
88,"Feldkamp & Rousseau, 2011 [39]",D-148(1)400,"{CC(C)(c2ccc(OCC1CO1)cc2)c4ccc(OCC3CO3)cc4, NCCOCCOCCN, CC(N)COCC(C)OCC(C)OCC(C)OCC(C)OCC(C)OCC(C)N}",0.655:0.157:0.188,72,2.157,14.5,47,101
89,"Feldkamp & Rousseau, 2011 [39]",D-148(002)230,"{CC(C)(c2ccc(OCC1CO1)cc2)c4ccc(OCC3CO3)cc4, NCCOCCOCCN, CC(N)COCC(C)OCC(C)OCC(C)N}",0.655:0.338:0.007,102,1.705,26.4,71,129
90,"Feldkamp & Rousseau, 2011 [39]",D-148(002)400,"{CC(C)(c2ccc(OCC1CO1)cc2)c4ccc(OCC3CO3)cc4, NCCOCCOCCN, CC(N)COCC(C)OCC(C)OCC(C)OCC(C)OCC(C)OCC(C)N}",0.655:0.338:0.007,101,1.802,25.7,66,127
91,"Feldkamp & Rousseau, 2011 [39]",D-148(002)2000,"{CC(C)(c2ccc(OCC1CO1)cc2)c4ccc(OCC3CO3)cc4, NCCOCCOCCN, CC(N)COCC(C)OCC(C)OCC(C)OCC(C)OCC(C)OCC(C)N}",0.655:0.338:0.007,96,1.713,22.6,51,122
92,"Feldkamp & Rousseau, 2011 [39]",D-403(1)403,"{CC(C)(c2ccc(OCC1CO1)cc2)c4ccc(OCC3CO3)cc4, CCC(COCC(C)OCC(C)N)(COCC(C)OCC(C)N)COCC(C)OCC(C)N}",0.7403:0.2597,81,2.178,13.9,52,144
93,"Feldkamp & Rousseau, 2011 [39]",E-148(1)900,"{CC(C)(c2ccc(OCC1CO1)cc2)c4ccc(OCC3CO3)cc4, CCC(COCC(C)OCC(C)N)(COCC(C)OCC(C)N)COCC(C)OCC(C)N, CC(N)COCC(C)OCC(C)OCC(C)OCCOCCOCCOCCOCCOCCOCCOCCOCCOCCOCCOCCOCC(C)OCC(C)OCC(C)N}",0.667:0.165:0.168,37,1.839,10,-10,72
94,"Feldkamp & Rousseau, 2011 [39]",E-148(05)900,"{CC(C)(c2ccc(OCC1CO1)cc2)c4ccc(OCC3CO3)cc4, CCC(COCC(C)OCC(C)N)(COCC(C)OCC(C)N)COCC(C)OCC(C)N, CC(N)COCC(C)OCC(C)OCC(C)OCCOCCOCCOCCOCCOCCOCCOCCOCCOCCOCCOCCOCC(C)OCC(C)OCC(C)N}",0.669:0.222:0.109,54,2.279,12.1,11,90
95,"Feldkamp & Rousseau, 2011 [39]",E-148(03)900,"{CC(C)(c2ccc(OCC1CO1)cc2)c4ccc(OCC3CO3)cc4, CCC(COCC(C)OCC(C)N)(COCC(C)OCC(C)N)COCC(C)OCC(C)N, CC(N)COCC(C)OCC(C)OCC(C)OCCOCCOCCOCCOCCOCCOCCOCCOCCOCCOCCOCCOCC(C)OCC(C)OCC(C)N}",0.6666:0.2488:0.0846,62,1.953,16.7,13,96
96,"Feldkamp & Rousseau, 2011 [39]",E-148(02)900,"{CC(C)(c2ccc(OCC1CO1)cc2)c4ccc(OCC3CO3)cc4, CCC(COCC(C)OCC(C)N)(COCC(C)OCC(C)N)COCC(C)OCC(C)N, CC(N)COCC(C)OCC(C)OCC(C)OCCOCCOCCOCCOCCOCCOCCOCCOCCOCCOCCOCCOCC(C)OCC(C)OCC(C)N}",0.654:0.277:0.069,66,1.873,16.9,25,101
97,"Feldkamp & Rousseau, 2011 [39]",D-148(03)900,"{CC(C)(c2ccc(OCC1CO1)cc2)c4ccc(OCC3CO3)cc4, CCC(COCC(C)OCC(C)N)(COCC(C)OCC(C)N)COCC(C)OCC(C)N, CC(N)COCC(C)OCC(C)OCC(C)OCCOCCOCCOCCOCCOCCOCCOCCOCCOCCOCCOCCOCC(C)OCC(C)OCC(C)N}",0.654:0.262:0.084,64,2.185,18.1,15,99
98,"Feldkamp & Rousseau, 2011 [39]",D-148(01)2003,"{CC(C)(c2ccc(OCC1CO1)cc2)c4ccc(OCC3CO3)cc4, CCC(COCC(C)OCC(C)N)(COCC(C)OCC(C)N)COCC(C)OCC(C)N, CC(N)COCC(C)OCC(C)OCC(C)OCC(C)OCC(C)OCC(C)OCCOCCOCCOCCOCCOCCOCCOCCOCCOCCOCCOCCOCCOCCOCCOCCOCCOCCOCCOCCOCCOCCOCCOCCOCCOCCOCCOCCOCC(C)OCC(C)OCC(C)OCC(C)OCC(C)N}",0.655:0.308:0.037,63,2.258,18.3,1,44
99,"Feldkamp & Rousseau, 2011 [39]",D-148(002)900,"{CC(C)(c2ccc(OCC1CO1)cc2)c4ccc(OCC3CO3)cc4, CCC(COCC(C)OCC(C)N)(COCC(C)OCC(C)N)COCC(C)OCC(C)N, CC(N)COCC(C)OCC(C)OCC(C)OCCOCCOCCOCCOCCOCCOCCOCCOCCOCCOCCOCCOCC(C)OCC(C)OCC(C)N}",0.655:0.338:0.007,99,1.752,24.9,68,89
100,"Feldkamp & Rousseau, 2011 [39]",D-148(002)2003,"{CC(C)(c2ccc(OCC1CO1)cc2)c4ccc(OCC3CO3)cc4, CCC(COCC(C)OCC(C)N)(COCC(C)OCC(C)N)COCC(C)OCC(C)N, CC(N)COCC(C)OCC(C)OCC(C)OCC(C)OCC(C)OCC(C)OCCOCCOCCOCCOCCOCCOCCOCCOCCOCCOCCOCCOCCOCCOCCOCCOCCOCCOCCOCCOCCOCCOCCOCCOCCOCCOCCOCCOCC(C)OCC(C)OCC(C)OCC(C)OCC(C)N}",0.655:0.338:0.007,93,1.995,22.8,49,80
101,"Feldkamp & Rousseau, 2011 [39]",D-148(04)M600,"{CC(C)(c2ccc(OCC1CO1)cc2)c4ccc(OCC3CO3)cc4, CCC(COCC(C)OCC(C)N)(COCC(C)OCC(C)N)COCC(C)OCC(C)N, COCCOCCOCCOCCOCCOCCOCCOCCOCCOCCOCCOCCN}",0.617:0.266:0.117,60,2.372,11.3,3,96
102,"Feldkamp & Rousseau, 2011 [39]",D-148(02)M1000,"{CC(C)(c2ccc(OCC1CO1)cc2)c4ccc(OCC3CO3)cc4, CCC(COCC(C)OCC(C)N)(COCC(C)OCC(C)N)COCC(C)OCC(C)N, COCCOCCOCCOCCOCCOCCOCCOCCOCCOCCOCCOCCOCCOCCOCCOCCOCCOCCOCCOCCOCC(C)N}",0.631:0.298:0.071,57,2.28,15.2,-4,93
103,"Feldkamp & Rousseau, 2011 [39]",D-148(01)M2005,"{CC(C)(c2ccc(OCC1CO1)cc2)c4ccc(OCC3CO3)cc4, CCC(COCC(C)OCC(C)N)(COCC(C)OCC(C)N)COCC(C)OCC(C)N, COCCOCCOCCOCCOCCOCCOCCOCCOCCOCCOCCOCCOCCOCCOCCOCCOCCOCCOCCOCCOCCOCCOCCOCCOCCOCCOCCOCCOCCOCCOCCOCCOCCOCCOCCOCCOCCOCC(C)OCC(C)OCC(C)OCC(C)OCC(C)OCC(C)N}",0.644:0.318:0.038,98,1.294,14.9,62,126
104,"Feldkamp & Rousseau, 2011 [39]",D-148(01)M2070,"{CC(C)(c2ccc(OCC1CO1)cc2)c4ccc(OCC3CO3)cc4, CCC(COCC(C)OCC(C)N)(COCC(C)OCC(C)N)COCC(C)OCC(C)N, COCCOCCOCCOCCOCCOCCOCCOCCOCCOCCOCCOCCOCCOCCOCCOCCOCCOCCOCCOCCOCCOCCOCCOCCOCCOCCOCCOCCOCCOCCOCCOCCOCCOCC(C)OCC(C)OCC(C)OCC(C)OCC(C)OCC(C)OCC(C)OCC(C)OCC(C)OCC(C)N}",0.644:0.318:0.038,63,2.172,14.5,-6,105
105,"Feldkamp & Rousseau, 2011 [39]",D-148(002)M600,"{CC(C)(c2ccc(OCC1CO1)cc2)c4ccc(OCC3CO3)cc4,  CCC(COCC(C)OCC(C)N)(COCC(C)OCC(C)N)COCC(C)OCC(C)N, COCCOCCOCCOCCOCCOCCOCCOCCOCCOCCOCCOCCN}",0.617:0.319:0.064,98,1.846,25,69,124
106,"Feldkamp & Rousseau, 2011 [39]",D-148(002)M1000,"{CC(C)(c2ccc(OCC1CO1)cc2)c4ccc(OCC3CO3)cc4, CCC(COCC(C)OCC(C)N)(COCC(C)OCC(C)N)COCC(C)OCC(C)N, COCCOCCOCCOCCOCCOCCOCCOCCOCCOCCOCCOCCOCCOCCOCCOCCOCCOCCOCCOCCOCC(C)N}",0.617:0.319:0.064,95,2.006,25.3,63,124
107,"Feldkamp & Rousseau, 2011 [39]",D-148(002)M2005,"{CC(C)(c2ccc(OCC1CO1)cc2)c4ccc(OCC3CO3)cc4, CCC(COCC(C)OCC(C)N)(COCC(C)OCC(C)N)COCC(C)OCC(C)N, COCCOCCOCCOCCOCCOCCOCCOCCOCCOCCOCCOCCOCCOCCOCCOCCOCCOCCOCCOCCOCCOCCOCCOCCOCCOCCOCCOCCOCCOCCOCCOCCOCCOCCOCCOCCOCCOCC(C)OCC(C)OCC(C)OCC(C)OCC(C)OCC(C)N}",0.617:0.319:0.064,99,1.636,22.7,67,127
108,"Feldkamp & Rousseau, 2011 [39]", D-148(002)M2070,"{CC(C)(c2ccc(OCC1CO1)cc2)c4ccc(OCC3CO3)cc4, CCC(COCC(C)OCC(C)N)(COCC(C)OCC(C)N)COCC(C)OCC(C)N, COCCOCCOCCOCCOCCOCCOCCOCCOCCOCCOCCOCCOCCOCCOCCOCCOCCOCCOCCOCCOCCOCCOCCOCCOCCOCCOCCOCCOCCOCCOCCOCCOCCOCC(C)OCC(C)OCC(C)OCC(C)OCC(C)OCC(C)OCC(C)OCC(C)OCC(C)OCC(C)N}",0.617:0.319:0.064,91,2.159,25.5,48,123
109,"Feldkamp & Rousseau, 2011 [39]",E-230(01)M2005,"{CC(C)(c2ccc(OCC1CO1)cc2)c4ccc(OCC3CO3)cc4, CC(N)COCC(C)OCC(C)OCC(C)N, COCCOCCOCCOCCOCCOCCOCCOCCOCCOCCOCCOCCOCCOCCOCCOCCOCCOCCOCCOCCOCCOCCOCCOCCOCCOCCOCCOCCOCCOCCOCCOCCOCCOCCOCCOCCOCCOCC(C)OCC(C)OCC(C)OCC(C)OCC(C)OCC(C)N}",0.655:0.305:0.04,79,1.538,8.9,33,115
110,"Feldkamp & Rousseau, 2010 [40]",E-900(1)148,"{CC(C)(c2ccc(OCC1CO1)cc2)c4ccc(OCC3CO3)cc4, CC(N)COCC(C)OCC(C)OCC(C)OCCOCCOCCOCCOCCOCCOCCOCCOCCOCCOCCOCCOCC(C)OCC(C)OCC(C)N, NCCOCCOCCN}",0.5:0.253:0.247,36.5,1.839,10.04,-9.63,72.18
111,"Feldkamp & Rousseau, 2010 [40]", E-900(2)148,"{CC(C)(c2ccc(OCC1CO1)cc2)c4ccc(OCC3CO3)cc4, CC(N)COCC(C)OCC(C)OCC(C)OCCOCCOCCOCCOCCOCCOCCOCCOCCOCCOCCOCCOCC(C)OCC(C)OCC(C)N, NCCOCCOCCN}",0.5:0.197:0.303,53.99,2.279,12.05,10.95,89.55
112,"Feldkamp & Rousseau, 2010 [40]",E-900(3)148,"{CC(C)(c2ccc(OCC1CO1)cc2)c4ccc(OCC3CO3)cc4, CC(N)COCC(C)OCC(C)OCC(C)OCCOCCOCCOCCOCCOCCOCCOCCOCCOCCOCCOCCOCC(C)OCC(C)OCC(C)N, NCCOCCOCCN}",0.5:0.13:0.37,61.6,1.953,16.69,13.23,95.55
113,"Feldkamp & Rousseau, 2010 [40]",E-900(1)230,"{CC(C)(c2ccc(OCC1CO1)cc2)c4ccc(OCC3CO3)cc4, CC(N)COCC(C)OCC(C)OCC(C)OCCOCCOCCOCCOCCOCCOCCOCCOCCOCCOCCOCCOCC(C)OCC(C)OCC(C)N, CC(N)COCC(C)OCC(C)OCC(C)N}",0.5:0.248:0.252,38.93,1.606,9.95,-9.19,76.59
114,"Feldkamp & Rousseau, 2010 [40]",E-900(2)230,"{CC(C)(c2ccc(OCC1CO1)cc2)c4ccc(OCC3CO3)cc4, CC(N)COCC(C)OCC(C)OCC(C)OCCOCCOCCOCCOCCOCCOCCOCCOCCOCCOCCOCCOCC(C)OCC(C)OCC(C)N, CC(N)COCC(C)OCC(C)OCC(C)N}",0.5:0.168:0.332,54.77,2.191,10.39,13.74,92.24
115,"Feldkamp & Rousseau, 2010 [40]",E-900(3)230,"{CC(C)(c2ccc(OCC1CO1)cc2)c4ccc(OCC3CO3)cc4, CC(N)COCC(C)OCC(C)OCC(C)OCCOCCOCCOCCOCCOCCOCCOCCOCCOCCOCCOCCOCC(C)OCC(C)OCC(C)N, CC(N)COCC(C)OCC(C)OCC(C)N}",0.5:0.12:0.38,63.41,2.242,12.46,26.2,98.59
116,"Feldkamp & Rousseau, 2010 [40]",E-900(4)230,"{CC(C)(c2ccc(OCC1CO1)cc2)c4ccc(OCC3CO3)cc4, CC(N)COCC(C)OCC(C)OCC(C)OCCOCCOCCOCCOCCOCCOCCOCCOCCOCCOCCOCCOCC(C)OCC(C)OCC(C)N, CC(N)COCC(C)OCC(C)OCC(C)N}",0.5:0.1:0.4,66.4,2.038,10.06,25.1,102.48
117,"Feldkamp & Rousseau, 2010 [40]",D-148(04)M600,"{CC(C)(c2ccc(OCC1CO1)cc2)c4ccc(OCC3CO3)cc4, NCCOCCOCCN, COCCOCCOCCOCCOCCOCCOCCOCCOCCOCCOCCOCCN}",0.5:0.346:0.154,60.39,2.372,11.34,3.18,96.29
118,"Feldkamp & Rousseau, 2010 [40]",D-148(02)M1000,"{CC(C)(c2ccc(OCC1CO1)cc2)c4ccc(OCC3CO3)cc4, NCCOCCOCCN, COCCOCCOCCOCCOCCOCCOCCOCCOCCOCCOCCOCCN}",0.5:0.402:0.098,57.07,2.28,15.19,-4.49,93.18
119,"Feldkamp & Rousseau, 2010 [40]",D-148(01)M2070,"{CC(C)(c2ccc(OCC1CO1)cc2)c4ccc(OCC3CO3)cc4, NCCOCCOCCN, COCCOCCOCCOCCOCCOCCOCCOCCOCCOCCOCCOCCOCCOCCOCCOCCOCCOCCOCCOCCOCCOCCOCCOCCOCCOCCOCCOCCOCCOCCOCCOCCOCCOCC(C)OCC(C)OCC(C)OCC(C)OCC(C)OCC(C)OCC(C)OCC(C)OCC(C)OCC(C)N}",0.5:0.448:0.052,62.74,2.172,14.49,-6.09,104.94
120,"Feldkamp & Rousseau, 2010 [40]",D-148(002)M1000,"{CC(C)(c2ccc(OCC1CO1)cc2)c4ccc(OCC3CO3)cc4, NCCOCCOCCN, COCCOCCOCCOCCOCCOCCOCCOCCOCCOCCOCCOCCOCCOCCOCCOCCOCCOCCOCCOCCOCC(C)N}",0.5:0.489:0.011,94.57,2.006,25.3,63.13,123.73
121,"Feldkamp & Rousseau, 2010 [40]",D-148(002)M2005,"{CC(C)(c2ccc(OCC1CO1)cc2)c4ccc(OCC3CO3)cc4, NCCOCCOCCN, COCCOCCOCCOCCOCCOCCOCCOCCOCCOCCOCCOCCOCCOCCOCCOCCOCCOCCOCCOCCOCCOCCOCCOCCOCCOCCOCCOCCOCCOCCOCCOCCOCCOCCOCCOCCOCCOCC(C)OCC(C)OCC(C)OCC(C)OCC(C)OCC(C)N}",0.5:0.489:0.011,98.56,1.636,22.69,67.2,126.53
122,"Feldkamp & Rousseau, 2010 [40]",D-148(002)M2070,"{CC(C)(c2ccc(OCC1CO1)cc2)c4ccc(OCC3CO3)cc4, NCCOCCOCCN, COCCOCCOCCOCCOCCOCCOCCOCCOCCOCCOCCOCCOCCOCCOCCOCCOCCOCCOCCOCCOCCOCCOCCOCCOCCOCCOCCOCCOCCOCCOCCOCCOCCOCC(C)OCC(C)OCC(C)OCC(C)OCC(C)OCC(C)OCC(C)OCC(C)OCC(C)OCC(C)N}",0.5:0.489:0.011,91.39,2.159,22.51,47.83,122.69
123,Altuna et al. 2016 [41],CS11,"{CC(C)(c2ccc(OCC1CO1)cc2)c4ccc(OCC3CO3)cc4, O=C(O)CC(O)(CC(=O)O)C(=O)O, O=C(O)CCCCCCCCC(=O)O}",0.524:0.238:0.238,53,1.095,5.12,50.41,74.57
124,Altuna et al. 2016 [41],S12,"{CC(C)(c2ccc(OCC1CO1)cc2)c4ccc(OCC3CO3)cc4, O=C(O)CCCCCCCCC(=O)O}",0.55:0.45,30,1.022,1.96,34.92,55.36
125,Altuna et al. 2016 [41],S15,"{CC(C)(c2ccc(OCC1CO1)cc2)c4ccc(OCC3CO3)cc4, O=C(O)CCCCCCCCC(=O)O}",0.6:0.4,51,1.079,8.05,54.64,66.2
126,Altuna et al. 2016 [41],S20,"{CC(C)(c2ccc(OCC1CO1)cc2)c4ccc(OCC3CO3)cc4, O=C(O)CCCCCCCCC(=O)O}",0.67:0.33,54,1.0789,7.92,57.01,79.04
127,Altuna et al. 2016 [41],G15,"{CC(C)(c2ccc(OCC1CO1)cc2)c4ccc(OCC3CO3)cc4,O=C(O)CCCC(=O)O}",0.6:0.4,62,1.068,6.84,66.7,83.06
128,"Fan et al., 2013[42]",EPD230(0),"{CC(C)(c2ccc(OCCOCC1CO1)cc2)c4ccc(OCCOCC3CO3)cc4, O=C1OC(=O)C2CCCCC12}",0.68:0.32,83,1.032,25.71,78.95,91.98
129,"Fan et al., 2013[42]",EPD230(20),"{CC(C)(c2ccc(OCCOCC1CO1)cc2)c4ccc(OCCOCC3CO3)cc4, CC(N)COCC(C)OCC(C)OCC(C)N, CC1(C)CC(N)CC(C)(CN)C1}",0.678:0.053:0.269,76,1.051,89.73,68.43,83.54
130,"Fan et al., 2013[42]",EPD230(40),"{CC(C)(c2ccc(OCCOCC1CO1)cc2)c4ccc(OCCOCC3CO3)cc4, CC(N)COCC(C)OCC(C)OCC(C)N, CC1(C)CC(N)CC(C)(CN)C1}",0.674:0.112:0.214,69,1.021,113.351,61.76,79.29
131,"Fan et al., 2013[42]",EPD230(60),"{CC(C)(c2ccc(OCCOCC1CO1)cc2)c4ccc(OCCOCC3CO3)cc4, CC(N)COCC(C)OCC(C)OCC(C)N, CC1(C)CC(N)CC(C)(CN)C1}",0.67:0.179:0.151,63,1.044,125.29,50.53,67.93
132,"Fan et al., 2013[42]",EPD230(80),"{CC(C)(c2ccc(OCCOCC1CO1)cc2)c4ccc(OCCOCC3CO3)cc4, CC(N)COCC(C)OCC(C)OCC(C)N, CC1(C)CC(N)CC(C)(CN)C1}",0.665:0.254:0.081,53,1.017,149.99,49.21,62.41
133,"Fan et al., 2014[43]",EP06(0),"{CC(C)(c2ccc(OCCOCC1CO1)cc2)c4ccc(OCCOCC3CO3)cc4, O=C1OC(=O)C2CCCCC12}",0.33:0.67,95,1.0845,11.48,86.35,97.42
134,"Fan et al., 2014[43]",EP06(25),"{CC(C)(c2ccc(OCCOCC1CO1)cc2)c4ccc(OCCOCC3CO3)cc4, CC(C)(c2ccc(OCCOCCOCCOC1CO1)cc2)c4ccc(OCCOCCOCCC3CO3)cc4, O=C1OC(=O)C2CCCCC12}",0.264:0.063:0.673,80.5,1.083,9.99,69.16,84.79
135,"Fan et al., 2014[43]",EP06(50),"{CC(C)(c2ccc(OCCOCC1CO1)cc2)c4ccc(OCCOCC3CO3)cc4, CC(C)(c2ccc(OCCOCCOCCOC1CO1)cc2)c4ccc(OCCOCCOCCC3CO3)cc4, O=C1OC(=O)C2CCCCC12}",0.19:0.14:0.67,66.9,1.039,7.46,54.95,72.96
136,"Fan et al., 2014[43]",EP06(75),"{CC(C)(c2ccc(OCCOCC1CO1)cc2)c4ccc(OCCOCC3CO3)cc4,CC(C)(c2ccc(OCCOCCOCCOC1CO1)cc2)c4ccc(OCCOCCOCCC3CO3)cc4, O=C1OC(=O)C2CCCCC12}",0.104:0.226:0.67,54.05,1.06,6.97,47.49,57.01
137,"Fan et al., 2014[43]",EP06(85),"{CC(C)(c2ccc(OCCOCC1CO1)cc2)c4ccc(OCCOCC3CO3)cc4,CC(C)(c2ccc(OCCOCCOCCOC1CO1)cc2)c4ccc(OCCOCCOCCC3CO3)cc4, O=C1OC(=O)C2CCCCC12}",0.065:0.266:0.669,46.43,1.022,6.81,36.05,48.79
138,"Santiago et al, 2016b[44]",90D400-10LP,"{C(C)(c2ccc(OCC1CO1)cc2)c4ccc(OCC3CO3)cc4, CC(N)COCC(C)COCC(C)COCC(C)COCC(C)COCC(C)COCC(C)N, NCCNCCN(CCNCCC(CN)CCN)CCN(CCNCCN)CCN(CCN)CCN}",0.719:0.265:0.016,60,2.878,16,20,100
139,"Santiago et al, 2016b[44]",60D400-40LP,"{CC(C)(c2ccc(OCC1CO1)cc2)c4ccc(OCC3CO3)cc4, CC(N)COCC(C)COCC(C)COCC(C)COCC(C)COCC(C)COCC(C)N, NCCNCCN(CCNCCC(CN)CCN)CCN(CCNCCN)CCN(CCN)CCN}",0.779:0.172:0.049,87,3.149,29,47,127
140,"Santiago et al, 2016b[44]",300D400-70LP,"{CC(C)(c2ccc(OCC1CO1)cc2)c4ccc(OCC3CO3)cc4, CC(N)COCC(C)COCC(C)COCC(C)COCC(C)COCC(C)COCC(C)N, NCCNCCN(CCNCCC(CN)CCN)CCN(CCNCCN)CCN(CCN)CCN}",0.832:0.084:0.084,117,2.858,52,77,157
141,"Wei et al., 2015[45]",A,"{CC(C)(C4CCC(OCC(O)COC3CCC(C(C)(C)C2CCC(OCC1CO1)CC2)CC3)CC4)C6CCC(OCC5CO5)CC6, CC(=O)C1CCCCC1C(C)=O}",0.33:0.67,113,1.097,16.2,101.73,117.68
142,"Wei et al., 2015[45]",B,"{CC(C)(C4CCC(OCC(O)COC3CCC(C(C)(C)C2CCC(OCC1CO1)CC2)CC3)CC4)C6CCC(OCC5CO5)CC6,O=C(OCC1CO1)C3CC2OC2CC3C(=O)OCC4CO4, CC(=O)C1CCCCC1C(C)=O}",0.1765:0.1176:0.7059,121,1.08,16.93,111.16,127.62
143,"Wei et al., 2015[45]",C,"{CC(C)(C4CCC(OCC(O)COC3CCC(C(C)(C)C2CCC(OCC1CO1)CC2)CC3)CC4)C6CCC(OCC5CO5)CC6,O=C(OCC1CO1)C3CC2OC2CC3C(=O)OCC4CO4, CC(=O)C1CCCCC1C(C)=O}",0.25:0.0625:0.6875,128,1.098,18.1,115.08,135.55
144,"Wei et al., 2015[45]",D,"{CC(C)(C4CCC(OCC(O)COC3CCC(C(C)(C)C2CCC(OCC1CO1)CC2)CC3)CC4)C6CCC(OCC5CO5)CC6, O=C(OCC1CO1)C3CC2OC2CC3C(=O)OCC4CO4, CC(=O)C1CCCCC1C(C)=O}",0.212:0.091:0.697,135,1.109,18.51,122.1,140.26
145,"Wei et al., 2015[45]",E,"{CC(C)(C4CCC(OCC(O)COC3CCC(C(C)(C)C2CCC(OCC1CO1)CC2)CC3)CC4)C6CCC(OCC5CO5)CC6, O=C(OCC1CO1)C3CC2OC2CC3C(=O)OCC4CO4, CC(=O)C1CCCCC1C(C)=O}",0.1765:0.1176:0.7059,142,1.109,19.8,131.13,150.9
146,"Ma et al., 2017 [46]",MDS-EPO,"{Nc2ccc(SSc1ccc(N)cc1)cc2, C1OC1COC3COC4C(OC2CO2)COC34}",0.33:0.67,41.4,0.997,0.36,53.03,79.79
147,"Ma et al., 2017 [46]",MDA-EPO,"{Nc2ccc(Cc1ccc(N)cc1)cc2, C1OC1COC3COC4C(OC2CO2)COC34}",0.33:0.67,37.3,1.064,0.34,47.34,77
148,Hassan et al. 2015 [47],33 Bis A,"{Nc2cccc(S(=O)(=O)c1cccc(N)c1)c2, CC(C)(c2ccc(OCC1CO1)cc2)c4ccc(OCC3CO3)cc4}",0.33:0.67,187,9.34,24,176.09,191.92
149,Hassan et al. 2015 [47],44 Bis A,"{Nc2cccc(S(=O)(=O)c1cccc(N)c1)c2, CC(C)(c2ccc(OCC1CO1)cc2)c4ccc(OCC3CO3)cc4}",0.33:0.67,219,9.131,28,200.69,224.14
150,"Santiago et al, 2016[22]",70-30-FG,"{CC(C)(c4ccc(OCC(O)COc3ccc(C(C)(C)c2ccc(OCC1CO1)cc2)cc3)cc4)c6ccc(OCC5CO5)cc6, CC(N)COCC(C)N, CCNCCN(CCN)CCNCCN(CCNCCN(CC)CCN)CCN(CCNCC)CCN(CC)CCN}",0.85:0.14:0.01,77,3.105,23,37,107
151,"Santiago et al, 2016[22]",40-60-FG,"{CC(C)(c4ccc(OCC(O)COc3ccc(C(C)(C)c2ccc(OCC1CO1)cc2)cc3)cc4)c6ccc(OCC5CO5)cc6, CC(N)COCC(C)N, CCNCCN(CCN)CCNCCN(CCNCCN(CC)CCN)CCN(CCNCC)CCN(CC)CCN}",0.89:0.08:0.03,104,3.221,41,64,144
152,"Santiago et al, 2016[22]",90-10-PR,"{CC(C)(c4ccc(OCC(O)COc3ccc(C(C)(C)c2ccc(OCC1CO1)cc2)cc3)cc4)c6ccc(OCC5CO5)cc6, CC(N)COCC(C)N, CCNCCN(CCN)CCNCCN(CCNCCN(CC)CCN)CCN(CCNCC)CCN(CC)CCN}",0.807:0.188:0.005,56,3.05,15,16,96
153,"Santiago et al, 2016[22]",80-20-PR,"{CC(C)(c4ccc(OCC(O)COc3ccc(C(C)(C)c2ccc(OCC1CO1)cc2)cc3)cc4)c6ccc(OCC5CO5)cc6, CC(N)COCC(C)N, CCNCCN(CCN)CCNCCN(CCNCCN(CC)CCN)CCN(CCNCC)CCN(CC)CCN}",0.82:0.17:0.01,64,3.111,18,24,104
154,"Santiago et al, 2016[22]",70-30-PR,"{CC(C)(c4ccc(OCC(O)COc3ccc(C(C)(C)c2ccc(OCC1CO1)cc2)cc3)cc4)c6ccc(OCC5CO5)cc6, CC(N)COCC(C)N, CCNCCN(CCN)CCNCCN(CCNCCN(CC)CCN)CCN(CCNCC)CCN(CC)CCN}",0.84:0.14:0.02,70,3.253,22,30,110
155,"Santiago et al, 2016[22]",60-40-PR,"{CC(C)(c4ccc(OCC(O)COc3ccc(C(C)(C)c2ccc(OCC1CO1)cc2)cc3)cc4)c6ccc(OCC5CO5)cc6, CC(N)COCC(C)N, CCNCCN(CCN)CCNCCN(CCNCCN(CC)CCN)CCN(CCNCC)CCN(CC)CCN}",0.86:0.12:0.02,79,3.008,23,39,119
156,"Santiago et al, 2016[22]",50-50-PR,"{CC(C)(c4ccc(OCC(O)COc3ccc(C(C)(C)c2ccc(OCC1CO1)cc2)cc3)cc4)c6ccc(OCC5CO5)cc6,CC(N)COCC(C)N, CCNCCN(CCN)CCNCCN(CCNCCN(CC)CCN)CCN(CCNCC)CCN(CC)CCN}",0.88:0.1:0.02,89,3.166,32,49,129
157,"Santiago et al, 2016[22]",40-60-PR,"{CC(C)(c4ccc(OCC(O)COc3ccc(C(C)(C)c2ccc(OCC1CO1)cc2)cc3)cc4)c6ccc(OCC5CO5)cc6, CC(N)COCC(C)N, CCNCCN(CCN)CCNCCN(CCNCCN(CC)CCN)CCN(CCNCC)CCN(CC)CCN}",0.89:0.08:0.03,99,2.936,44,59,139
158,"Santiago et al, 2016[22]",30-70-PR,"{CC(C)(c4ccc(OCC(O)COc3ccc(C(C)(C)c2ccc(OCC1CO1)cc2)cc3)cc4)c6ccc(OCC5CO5)cc6, CC(N)COCC(C)N, CCNCCN(CCN)CCNCCN(CCNCCN(CC)CCN)CCN(CCNCC)CCN(CC)CCN}",0.91:0.06:0.03,112,2.871,58,72,152
159,"Tanpikasit et al, 2014 [48]",BA-a 30 mol%,"{CC(C)(c3ccc2OCN(c1ccccc1)Cc2c3)c6ccc5OCN(c4ccccc4)Cc5c6, CC(C)(COCC1CO1)COCC2CO2}",0.3:0.7,51,2.82,39.04,35,53.09
160,"Tanpikasit et al, 2014 [48]",BA-a 40 mol%,"{CC(C)(c3ccc2OCN(c1ccccc1)Cc2c3)c6ccc5OCN(c4ccccc4)Cc5c6, CC(C)(COCC1CO1)COCC2CO2}",0.4:0.6,88,3.85,80.76,35,90.32
161,"Tanpikasit et al, 2014 [48]",BA-a 50 mol%,"{CC(C)(c3ccc2OCN(c1ccccc1)Cc2c3)c6ccc5OCN(c4ccccc4)Cc5c6, CC(C)(COCC1CO1)COCC2CO2}",0.5:0.5,140,4.5,171.97,35,142.85
162,"Tanpikasit et al, 2015 [49]",BA-a 30 mol%,"{CC(C)(c3ccc2OCN(c1ccccc1)Cc2c3)c6ccc5OCN(c4ccccc4)Cc5c6, CC(C)(COCC1CO1)COCC2CO2}",0.3:0.7,51,3.365,37.89,38,57.59
163,"Tanpikasit et al, 2015 [49]",BA-a 35 mol%,"{CC(C)(c3ccc2OCN(c1ccccc1)Cc2c3)c6ccc5OCN(c4ccccc4)Cc5c6, CC(C)(COCC1CO1)COCC2CO2}",0.35:0.65,70,3.545,44.22,57.06,74.48
164,"Tanpikasit et al, 2015 [49]",BA-a 40 mol%,"{CC(C)(c3ccc2OCN(c1ccccc1)Cc2c3)c6ccc5OCN(c4ccccc4)Cc5c6, CC(C)(COCC1CO1)COCC2CO2}",0.4:0.6,88,3.653,80.52,66.61,78.79
165,"Tanpikasit et al, 2015 [49]",BA-a 45 mol%,"{CC(C)(c3ccc2OCN(c1ccccc1)Cc2c3)c6ccc5OCN(c4ccccc4)Cc5c6, CC(C)(COCC1CO1)COCC2CO2}",0.45:0.55,122,3.977,95.41,93.25,89.13
166,"Tanpikasit et al, 2015 [49]",BA-a 50 mol%,"{CC(C)(c3ccc2OCN(c1ccccc1)Cc2c3)c6ccc5OCN(c4ccccc4)Cc5c6, CC(C)(COCC1CO1)COCC2CO2}",0.5:0.5,140,4.553,129.76,111.67,145.48
167,"Wu et al, 2019[5]",DLP SMP #1,"{C=C(C)C(=O)OCCCC, C=CC(=O)OCCCCCCOC(=O)C=C}",0.94:0.06,48.7,0.922,61.15,29.16,38.81
168,"Choong et al , 2016[11]",tba-DEGDA(80-20),"{C=C(C)C(=O)OCCCC,  C=CC(=O)OCCOCCOC(=O)C=C}",0.87:0.13,61.5,9.615,0.158,25.16,42.56
169,"Choong et al , 2016[11]",tba-DEGDA(70-30),"{C=C(C)C(=O)OCCCC, C=CC(=O)OCCOCCOC(=O)C=C}",0.8:0.2,65.4,9.17,0.177,40.15,61.04
170,"Zheng et al, 2015 [16]",EPON2,"{CC(C)(c4ccc(OCC(O)COc3ccc(C(C)(C)c2ccc(OCC1CO1)cc2)cc3)cc4)c6ccc(OCC5CO5)cc6, CC(N)COCC(C)N}",0.57:0.43,70,10.346,7.39,64.67,69.67
171,"Zheng et al, 2015 [16]",EPON3,"{CC(C)(c4ccc(OCC(O)COc3ccc(C(C)(C)c2ccc(OCC1CO1)cc2)cc3)cc4)c6ccc(OCC5CO5)cc6, CC(N)COCC(C)N}",0.63:0.37,79,9.938,13.85,71.64,81.22
172,"Lakhera et al, 2012 [20]",tba-co-XLS(20%),"{C=C(C)C(=C)OCOCCOC(=O)C(=C)C, C=C(C)C(=O)OCCOCCOCCOCCOCCOCCOCCOCCOCCOC(=O)C(=C)C, C=CC(=O)OC(C)(C)C}",0.91:0.06:0.03,53.35,8.51,4.38,44.95,56.01
173,"Lakhera et al, 2012 [20]",tba-co-XLS(30%),"{C=C(C)C(=C)OCOCCOC(=O)C(=C)C, C=C(C)C(=O)OCCOCCOCCOCCOCCOCCOCCOCCOCCOC(=O)C(=C)C, C=CC(=O)OC(C)(C)C}",0.64:0.25:0.11,57.11,8.51,11.56,51.78,58.6
174,"Jo et al, 2018 [29]",D230-5,"{CC(C)(c4ccc(OCC(O)COc3ccc(C(C)(C)c2ccc(OCC1CO1)cc2)cc3)cc4)c6ccc(OCC5CO5)cc6, Nc2ccc(Cc1ccc(N)cc1)cc2, CC(N)COCC(C)N}",0.73:0.23:0.04,113.8,2.801,6.6,105.88,113.26
175,"Jo et al, 2018 [29]",D230-15,"{CC(C)(c4ccc(OCC(O)COc3ccc(C(C)(C)c2ccc(OCC1CO1)cc2)cc3)cc4)c6ccc(OCC5CO5)cc6, Nc2ccc(Cc1ccc(N)cc1)cc2, CC(N)COCC(C)N}",0.75:0.24:0.01,146.5,2.046,21.2,142.29,148.42
176,"Jo et al, 2018 [29]",D400-6,"{CC(C)(c4ccc(OCC(O)COc3ccc(C(C)(C)c2ccc(OCC1CO1)cc2)cc3)cc4)c6ccc(OCC5CO5)cc6, Nc2ccc(Cc1ccc(N)cc1)cc2, CC(N)COCC(C)N}",0.73:0.23:0.04,114.3,2.297,7.8,101.56,118.17
177,"Jo et al, 2018 [29]",D400-11,"{CC(C)(c4ccc(OCC(O)COc3ccc(C(C)(C)c2ccc(OCC1CO1)cc2)cc3)cc4)c6ccc(OCC5CO5)cc6, Nc2ccc(Cc1ccc(N)cc1)cc2, CC(N)COCC(C)N}",0.7:0.22:0.08,122.5,2.17,13.8,112.81,132.11
178,"Ortega et al, 2012[21]",tba-co-PEGDMA(2%),"{C=C(C)C(=O)OCCCC, CC(=O)OCCOCCOCCOCCOCCOCCOCCOCCOCCOCCOC(=O)C(C)=O, C=C(C)C(=O)OCCOCCOCCOCCOCCOC(=O)C(C)=O}",0.994:0.002:0.004,57,1.087,1.1,47,67
179,"Ortega et al, 2012[21]",tba-co-PEGDMA(40%),"{C=C(C)C(=O)OCCCC, CC(=O)OCCOCCOCCOCCOCCOCCOCCOCCOCCOCCOC(=O)C(C)=O, C=C(C)C(=O)OCCOCCOCCOCCOCCOC(=O)C(C)=O}",0.834:0.103:0.063,55,1.095,23.4,45,65
180,"Cheng et al , 2020[25]",DER-NMA-0.05TEOA,"{CC(C)(c2ccc(OCC1CO1)cc2)c4ccc(OCC3CO3)cc4, CC2=CC(C)(C)C1C(=O)OC(=O)C1C2C, OCCN(CCO)CCO}",0.488:0.488:0.024,124.4,1.995,12,114.74,134.24
181,"Cheng et al , 2020[25]",DER-NMA-0.15TEOA5,"{CC(C)(c2ccc(OCC1CO1)cc2)c4ccc(OCC3CO3)cc4, CC2=CC(C)(C)C1C(=O)OC(=O)C1C2C, OCCN(CCO)CCO}",0.465:0.465:0.07,124.1,2.11,10,110.33,128.94
182,"Cheng et al , 2020[25]",DER-NMA-0.2TEOA,"{CC(C)(c2ccc(OCC1CO1)cc2)c4ccc(OCC3CO3)cc4, CC2=CC(C)(C)C1C(=O)OC(=O)C1C2C, OCCN(CCO)CCO}",0.45:0.45:0.1,119,1.949,5,103.24,124.08
183,"Chen et al, 2018[28]",EVC3S7,"{CC(C)(c2ccc(OCC1CC1)cc2)c4ccc(OCC3CO3)cc4, O=C(O)CCCCCCCCC(=O)O, O=C(O)C1CCC(C(=O)O)CC1}",0.5:0.35:0.15,46.6,1.768,76.1,27.96,35.7
184,"Chen et al, 2018[28]",EVC4S6,"{CC(C)(c2ccc(OCC1CC1)cc2)c4ccc(OCC3CO3)cc4, O=C(O)CCCCCCCCC(=O)O, O=C(O)C1CCC(C(=O)O)CC1}",0.5:0.3:0.2,50.3,1.865,20.55,32.71,42.71
185,"Xie et al, 2009[30]", DA1,"{CC(C)(c2ccc(OCC1CO1)cc2)c4ccc(OCC3CO3)cc4, CC(N)COCC(C)OCC(C)OCC(C)N, CCCCCCCCCCN}",0.62:0.23:0.15,76.31,2.316,11.6,72.68,79.27
186,"Xie et al, 2009[30]",DA2,"{CC(C)(c2ccc(OCC1CO1)cc2)c4ccc(OCC3CO3)cc4, CC(N)COCC(C)OCC(C)OCC(C)N, CCCCCCCCCCN}",0.57:0.14:0.29,64.53,2.679,7.42,58.35,68.91
187,"Xie et al, 2009[30]",DA3,"{CC(C)(c2ccc(OCC1CO1)cc2)c4ccc(OCC3CO3)cc4, CC(N)COCC(C)OCC(C)OCC(C)N, CCCCCCCCCCN}",0.53:0.07:0.4,76.31,2.517,3.04,43.29,53.65
188,"Xie et al, 2009[30]",NGDE1,"{CC(C)(c2ccc(OCC1CO1)cc2)c4ccc(OCC3CO3)cc4, CC(N)COCC(C)OCC(C)OCC(C)N, CC(C)(COCC1CO1)COCC2CO2}",0.5:0.33:0.17,57.87,2.476,13.98,64.33,72.66
189,"Xie et al, 2009[30]",NGDE2,"{CC(C)(c2ccc(OCC1CO1)cc2)c4ccc(OCC3CO3)cc4, CC(N)COCC(C)OCC(C)OCC(C)N, CC(C)(COCC1CO1)COCC2CO2}",0.34:0.33:0.33,37.64,3.041,9.78,42.72,52.04
190,"Xie et al, 2009[30]",NGDE3,"{CC(C)(c2ccc(OCC1CO1)cc2)c4ccc(OCC3CO3)cc4, CC(N)COCC(C)OCC(C)OCC(C)N, CC(C)(COCC1CO1)COCC2CO2}",0.17:0.33:0.5,23.17,2.437,4.78,26.2,31.99
191,"Lin and Chen,1999[10]",A5,"{O=C=Nc2ccc(Cc1ccc(N=C=O)cc1)cc2, COCCCCOC(=O)CCCCC(=O)OCCCCOC(=O)CCCCC(=O)OCCCCOC(=O)CCCCC(C)=O, CCC(CO)(CO)CO}",0.588:0.059:0.353,135.59,9.391,10.28,115.59,155.59
192,"Lin and Chen,1999[10]",A6,"{O=C=Nc2ccc(Cc1ccc(N=C=O)cc1)cc2, COCCCCOC(=O)CCCCC(=O)OCCCCOC(=O)CCCCC(=O)OCCCCOC(=O)CCCCC(C)=O, CCC(CO)(CO)CO}",0.59:0.049:0.361,135.59,9.391,12.87,115.59,155.59
193,"Lin and Chen,1999[10]",B2,"{O=C=Nc2ccc(Cc1ccc(N=C=O)cc1)cc2, COCCCCOC(=O)CCCCC(=O)OCCCCOC(=O)CCCCC(=O)OCCCCOC(=O)CCCCC(=O)OCCCCOC(=O)CCCCC(=O)OCCCCOC(=O)CCCCC(=O)OCCCCOC(=O)CCCCC(=O)OCCCCOC(=O)CCCCC(C)=O, CCC(CO)(CO)CO}",0.571:0.143:0.286,15.45,9.357,1.61,-5.45,35.45
194,"Lin and Chen,1999[10]",B3,"{O=C=Nc2ccc(Cc1ccc(N=C=O)cc1)cc2, COCCCCOC(=O)CCCCC(=O)OCCCCOC(=O)CCCCC(=O)OCCCCOC(=O)CCCCC(=O)OCCCCOC(=O)CCCCC(=O)OCCCCOC(=O)CCCCC(=O)OCCCCOC(=O)CCCCC(=O)OCCCCOC(=O)CCCCC(C)=O, CCC(CO)(CO)CO}",0.58:0.1:0.32,42.09,9.357,4.3,22.09,62.09
195,"Lin and Chen,1999[10]",B4,"{O=C=Nc2ccc(Cc1ccc(N=C=O)cc1)cc2, COCCCCOC(=O)CCCCC(=O)OCCCCOC(=O)CCCCC(=O)OCCCCOC(=O)CCCCC(=O)OCCCCOC(=O)CCCCC(=O)OCCCCOC(=O)CCCCC(=O)OCCCCOC(=O)CCCCC(=O)OCCCCOC(=O)CCCCC(C)=O, CCC(CO)(CO)CO}",0.59:0.07:0.34,54.81,9.357,5.74,34.81,74.81
196,"Lin and Chen,1999[10]",B5,"{O=C=Nc2ccc(Cc1ccc(N=C=O)cc1)cc2, COCCCCOC(=O)CCCCC(=O)OCCCCOC(=O)CCCCC(=O)OCCCCOC(=O)CCCCC(=O)OCCCCOC(=O)CCCCC(=O)OCCCCOC(=O)CCCCC(=O)OCCCCOC(=O)CCCCC(=O)OCCCCOC(=O)CCCCC(C)=O, CCC(CO)(CO)CO}",0.588:0.059:0.353,63.14,9.357,14.83,43.14,83.14
197,"Lin and Chen,1999[10]",B6,"{O=C=Nc2ccc(Cc1ccc(N=C=O)cc1)cc2, COCCCCOC(=O)CCCCC(=O)OCCCCOC(=O)CCCCC(=O)OCCCCOC(=O)CCCCC(=O)OCCCCOC(=O)CCCCC(=O)OCCCCOC(=O)CCCCC(=O)OCCCCOC(=O)CCCCC(=O)OCCCCOC(=O)CCCCC(C)=O, CCC(CO)(CO)CO}",0.59:0.049:0.361,67.52,9.318,15.3,47.52,87.52
